source_provider,query,status,item_count,error_message,updated_at
google_news_rss,SK텔레콤,success,5,,2026-07-23 23:15:48
google_news_rss,114450,success,5,,2026-07-23 23:15:48
google_news_rss,159910,success,5,,2026-07-23 23:15:48
google_news_rss,053580,success,5,,2026-07-23 23:15:48
google_news_rss,018260,success,5,,2026-07-23 23:15:49
google_news_rss,340570,success,5,,2026-07-23 23:15:49
google_news_rss,009540,success,5,,2026-07-23 23:15:50
google_news_rss,290720,success,5,,2026-07-23 23:15:50
google_news_rss,008930,success,5,,2026-07-23 23:15:50
google_news_rss,대원산업,success,5,,2026-07-23 23:15:51
google_news_rss,112610,success,5,,2026-07-23 23:15:51
google_news_rss,038680,success,5,,2026-07-23 23:15:52
google_news_rss,215380,success,5,,2026-07-23 23:15:52
google_news_rss,134790,success,5,,2026-07-23 23:15:52
google_news_rss,024720,success,5,,2026-07-23 23:15:52
google_news_rss,004380,success,5,,2026-07-23 23:15:53
google_news_rss,340810,success,5,,2026-07-23 23:15:53
google_news_rss,033310,success,5,,2026-07-23 23:15:53
google_news_rss,236810,success,5,,2026-07-23 23:15:54
google_news_rss,230360,success,5,,2026-07-23 23:15:54
