source_provider,query,title,link,published_at,summary,raw_source
google_news_rss,038680,"특징주, 에스넷-네트워크통합 테마 상승세에 18.79% ↑ - 매일경제 마켓",https://news.google.com/rss/articles/CBMiUkFVX3lxTE90UzQxNE9vMXpIX2licEVCSmVjOV9lRGlSaldBeGNicUhjUlNIc2NxbUFyalpFQ0ljZjFxQ2VRTlhHX3VMQVpWeEQyUXBJdzZLcHc?oc=5,2026-07-21T01:43:39+00:00,"<a href=""https://news.google.com/rss/articles/CBMiUkFVX3lxTE90UzQxNE9vMXpIX2licEVCSmVjOV9lRGlSaldBeGNicUhjUlNIc2NxbUFyalpFQ0ljZjFxQ2VRTlhHX3VMQVpWeEQyUXBJdzZLcHc?oc=5"" target=""_blank"">특징주, 에스넷-네트워크통합 테마 상승세에 18.79% ↑</a>&nbsp;&nbsp;<font color=""#6f6f6f"">매일경제 마켓</font>",Google News RSS
google_news_rss,038680,"에스넷, 씨이랩과 259억 규모 AI 컴퓨팅 활용기반 강화 사업 계약 - edaily.co.kr",https://news.google.com/rss/articles/CBMigAFBVV95cUxQMnA1Q2liaklFNVM4MXBTQmM3bFcza29KcE1KbURjM1JtVDVLS0VvdUFIdFJ3T0ZDX3E0UWpOamJEa1VMelBYRWdpaV96WGJYUUg1aXZTNVhlWi1iWEdfaDN5M3dyWkFKcEZxLWhKVVhMU1dnYTdrYmplY2l3LVNDUQ?oc=5,2026-07-21T03:22:42+00:00,"<a href=""https://news.google.com/rss/articles/CBMigAFBVV95cUxQMnA1Q2liaklFNVM4MXBTQmM3bFcza29KcE1KbURjM1JtVDVLS0VvdUFIdFJ3T0ZDX3E0UWpOamJEa1VMelBYRWdpaV96WGJYUUg1aXZTNVhlWi1iWEdfaDN5M3dyWkFKcEZxLWhKVVhMU1dnYTdrYmplY2l3LVNDUQ?oc=5"" target=""_blank"">에스넷, 씨이랩과 259억 규모 AI 컴퓨팅 활용기반 강화 사업 계약</a>&nbsp;&nbsp;<font color=""#6f6f6f"">edaily.co.kr</font>",Google News RSS
google_news_rss,038680,"이상엽 전무, 에스넷 주식 5000주 증가 - 디지털투데이",https://news.google.com/rss/articles/CBMic0FVX3lxTFBMaDZuQndlX0djVDY1N08wYXZJcXpXcFk4ZFpCNGR6VU5MbTM4ekx1dHNGcHp2S1NSVTZ0UEVsbmtycXFKSzk2ZEhfdmFtY1pCdDVmM1EzODJ0Tzg5dGQ3VTNxVlNWQ243UGRDQWVKX2xEQlk?oc=5,2026-05-19T07:00:00+00:00,"<a href=""https://news.google.com/rss/articles/CBMic0FVX3lxTFBMaDZuQndlX0djVDY1N08wYXZJcXpXcFk4ZFpCNGR6VU5MbTM4ekx1dHNGcHp2S1NSVTZ0UEVsbmtycXFKSzk2ZEhfdmFtY1pCdDVmM1EzODJ0Tzg5dGQ3VTNxVlNWQ243UGRDQWVKX2xEQlk?oc=5"" target=""_blank"">이상엽 전무, 에스넷 주식 5000주 증가</a>&nbsp;&nbsp;<font color=""#6f6f6f"">디지털투데이</font>",Google News RSS
google_news_rss,038680,"에스넷시스템, 효성중공업·시스코와 디지털 변전소 기술 검증 - edaily.co.kr",https://news.google.com/rss/articles/CBMigAFBVV95cUxQa05QbFpPbmxkYnMxbDlhekkyd2NVTTAxSGV5cy1pYnplTWxOSWhUbElHMkNiUkJDRWF0Q3h3Mll4Nm45RjRyRDBCZk8zdjFSeHh0UXZlaGF2TTJBNmFoREZLTDdrS25MbUJLQ2FyWUxfR0x5eVRDSzFSSEpPSjJrQg?oc=5,2026-07-16T00:41:12+00:00,"<a href=""https://news.google.com/rss/articles/CBMigAFBVV95cUxQa05QbFpPbmxkYnMxbDlhekkyd2NVTTAxSGV5cy1pYnplTWxOSWhUbElHMkNiUkJDRWF0Q3h3Mll4Nm45RjRyRDBCZk8zdjFSeHh0UXZlaGF2TTJBNmFoREZLTDdrS25MbUJLQ2FyWUxfR0x5eVRDSzFSSEpPSjJrQg?oc=5"" target=""_blank"">에스넷시스템, 효성중공업·시스코와 디지털 변전소 기술 검증</a>&nbsp;&nbsp;<font color=""#6f6f6f"">edaily.co.kr</font>",Google News RSS
google_news_rss,038680,에스넷 (038680) - ThinkPool,https://news.google.com/rss/articles/CBMiS0FVX3lxTE14MGdId19sa1RLSTRoeDI4a0E1aFd5cDB0T3g3R3M3M3dYTUJCOExqRnladnhLc2lZRmVYNE1LeDBEaHFORWo2N2hqSQ?oc=5,2022-08-08T16:47:01+00:00,"<a href=""https://news.google.com/rss/articles/CBMiS0FVX3lxTE14MGdId19sa1RLSTRoeDI4a0E1aFd5cDB0T3g3R3M3M3dYTUJCOExqRnladnhLc2lZRmVYNE1LeDBEaHFORWo2N2hqSQ?oc=5"" target=""_blank"">에스넷 (038680)</a>&nbsp;&nbsp;<font color=""#6f6f6f"">ThinkPool</font>",Google News RSS
google_news_rss,053580,"""금융 AI 전환 시스템 구축 속도""…웹케시, IBK 디지털뱅킹 수주 - 뉴스1",https://news.google.com/rss/articles/CBMiYkFVX3lxTFA0U3prTmttQmh1YU82dXA1TGY0cmtUNVRhbThVYXRDQVVwaFRJeXBXeGl5NHJCNXRLTzFSQ0pIalp0MDJBZC16dVdCMk1LcEZsNnllZm5YN3BuMW92UW5zYlp3?oc=5,2026-07-22T06:40:38+00:00,"<a href=""https://news.google.com/rss/articles/CBMiYkFVX3lxTFA0U3prTmttQmh1YU82dXA1TGY0cmtUNVRhbThVYXRDQVVwaFRJeXBXeGl5NHJCNXRLTzFSQ0pIalp0MDJBZC16dVdCMk1LcEZsNnllZm5YN3BuMW92UW5zYlp3?oc=5"" target=""_blank"">""금융 AI 전환 시스템 구축 속도""…웹케시, IBK 디지털뱅킹 수주</a>&nbsp;&nbsp;<font color=""#6f6f6f"">뉴스1</font>",Google News RSS
google_news_rss,053580,"[카드] 웹케시, 87억원 규모 'IBK 디지털뱅킹 리빌딩' 수주 - 네이트",https://news.google.com/rss/articles/CBMieEFVX3lxTE5LZVo4RDd1LXZpTmF1Y1hrakZNdFh2S3ViMHZXVWNTX09relFRbUJtcXY1TmpXWWh0bTFFWjZMWHVyblF3NDBmYzJDNnhfbkh0Mkk2TEdoWFhsS1p3WGljZTgzWWM2aEZ5bWhvUnpETnkxQ3FjQl9DZQ?oc=5,2026-07-22T03:57:00+00:00,"<a href=""https://news.google.com/rss/articles/CBMieEFVX3lxTE5LZVo4RDd1LXZpTmF1Y1hrakZNdFh2S3ViMHZXVWNTX09relFRbUJtcXY1TmpXWWh0bTFFWjZMWHVyblF3NDBmYzJDNnhfbkh0Mkk2TEdoWFhsS1p3WGljZTgzWWM2aEZ5bWhvUnpETnkxQ3FjQl9DZQ?oc=5"" target=""_blank"">[카드] 웹케시, 87억원 규모 'IBK 디지털뱅킹 리빌딩' 수주</a>&nbsp;&nbsp;<font color=""#6f6f6f"">네이트</font>",Google News RSS
google_news_rss,053580,"웹케시, IBK 디지털뱅킹 리빌딩 수주…AI뱅킹 플랫폼 구축 나선다 - edaily.co.kr",https://news.google.com/rss/articles/CBMigAFBVV95cUxONHVva3lhcDJFYVUxNkVicVhfa1VmN0E1QjhWMFBYYnpJOXVMUGZfWHJoc3RMRWdqYmVUc2s2SG9qc1ZhUnJQdXVTMVZIOC1pek05QUVsd0Q0Ym54X3V4eV9temJsdTJnYVBNeVAzVUw2aWNXbTJpRFJ5NUx5TUY1Qw?oc=5,2026-07-22T04:58:35+00:00,"<a href=""https://news.google.com/rss/articles/CBMigAFBVV95cUxONHVva3lhcDJFYVUxNkVicVhfa1VmN0E1QjhWMFBYYnpJOXVMUGZfWHJoc3RMRWdqYmVUc2s2SG9qc1ZhUnJQdXVTMVZIOC1pek05QUVsd0Q0Ym54X3V4eV9temJsdTJnYVBNeVAzVUw2aWNXbTJpRFJ5NUx5TUY1Qw?oc=5"" target=""_blank"">웹케시, IBK 디지털뱅킹 리빌딩 수주…AI뱅킹 플랫폼 구축 나선다</a>&nbsp;&nbsp;<font color=""#6f6f6f"">edaily.co.kr</font>",Google News RSS
google_news_rss,053580,"[실적속보]웹케시, 올해 1Q 매출액 178억(-8.1%) 영업이익 26.5억(-26%) (개별) - ThinkPool",https://news.google.com/rss/articles/CBMiaEFVX3lxTFBUYlhZWXE4RFpJSjZVUm82SHFwMmFkYXF6NGVEeXZjNkJFanNiOC1GQlR2T0FqWTFQRFlJQm56eHdzcFZiZ0l3b2lJaEo4OUUwVWNvRGw1SEVMaE10R3FKV0dmanZCMkVB?oc=5,2026-05-25T19:50:12+00:00,"<a href=""https://news.google.com/rss/articles/CBMiaEFVX3lxTFBUYlhZWXE4RFpJSjZVUm82SHFwMmFkYXF6NGVEeXZjNkJFanNiOC1GQlR2T0FqWTFQRFlJQm56eHdzcFZiZ0l3b2lJaEo4OUUwVWNvRGw1SEVMaE10R3FKV0dmanZCMkVB?oc=5"" target=""_blank"">[실적속보]웹케시, 올해 1Q 매출액 178억(-8.1%) 영업이익 26.5억(-26%) (개별)</a>&nbsp;&nbsp;<font color=""#6f6f6f"">ThinkPool</font>",Google News RSS
google_news_rss,053580,"신한은행, 글로벌 통합자금관리 서비스 출시…웹케시와 협약 - 연합뉴스",https://news.google.com/rss/articles/CBMiW0FVX3lxTE1mY1FTSnlaMXJ6MUZkek5tVFBqN3ZEXzdSRGRBR2taN1RiTHp1V0lpQWY0RWZWQU95WldGUC1zS21pcGNvcEtEejd3cldtQWFfYnl4U3VrdzQ1aE3SAWBBVV95cUxNT1NEbElFbTYxbkJfVXJ5dXAxY0c0MmJRNkFOOVlWMXpnYk9GZUdDbkt0dVVPYTBsb1hfVEhfQm1hTjRjZVRLZnNJNEJtaXh5TmJqalVzOVNJZkwtRVduTS0?oc=5,2026-05-08T07:00:00+00:00,"<a href=""https://news.google.com/rss/articles/CBMiW0FVX3lxTE1mY1FTSnlaMXJ6MUZkek5tVFBqN3ZEXzdSRGRBR2taN1RiTHp1V0lpQWY0RWZWQU95WldGUC1zS21pcGNvcEtEejd3cldtQWFfYnl4U3VrdzQ1aE3SAWBBVV95cUxNT1NEbElFbTYxbkJfVXJ5dXAxY0c0MmJRNkFOOVlWMXpnYk9GZUdDbkt0dVVPYTBsb1hfVEhfQm1hTjRjZVRLZnNJNEJtaXh5TmJqalVzOVNJZkwtRVduTS0?oc=5"" target=""_blank"">신한은행, 글로벌 통합자금관리 서비스 출시…웹케시와 협약</a>&nbsp;&nbsp;<font color=""#6f6f6f"">연합뉴스</font>",Google News RSS
google_news_rss,004380,"[실적속보]삼익THK, 영업이익 6분기 연속 감소, 매출액은 전년동기 대비 -19%↓ (연결) - ThinkPool",https://news.google.com/rss/articles/CBMiaEFVX3lxTE1QRDg5SGdQVmFpSmxUVjBRUU4tQkpnbW5uM2xCbk91dXpjaDRsVzdVLVE4RHpIdlJYUzB6OUxJeVN5OVdqMVdjdFRENml6NEJxejNhQmdMWTFjckVzeXAzMmFnVWNGVW5M?oc=5,2026-03-28T05:52:20+00:00,"<a href=""https://news.google.com/rss/articles/CBMiaEFVX3lxTE1QRDg5SGdQVmFpSmxUVjBRUU4tQkpnbW5uM2xCbk91dXpjaDRsVzdVLVE4RHpIdlJYUzB6OUxJeVN5OVdqMVdjdFRENml6NEJxejNhQmdMWTFjckVzeXAzMmFnVWNGVW5M?oc=5"" target=""_blank"">[실적속보]삼익THK, 영업이익 6분기 연속 감소, 매출액은 전년동기 대비 -19%↓ (연결)</a>&nbsp;&nbsp;<font color=""#6f6f6f"">ThinkPool</font>",Google News RSS
google_news_rss,004380,"삼익THK, 심규석 보통주 1만3000주 장내매도 - 디지털투데이",https://news.google.com/rss/articles/CBMic0FVX3lxTE5GajhlWTlfT2F4NHpnUFpaaW9ybHVBbmt0V2g4OEpRZ2FxX05SNVJQd0tEN3JwaVpZR3VnV2FDYVhyUlotcDJkQUI3ZTAwZlJrRVh1dzYxYmo1Rmo3NkxYY25oTkczSlpFelNaYWdFMVFURE0?oc=5,2026-05-26T07:00:00+00:00,"<a href=""https://news.google.com/rss/articles/CBMic0FVX3lxTE5GajhlWTlfT2F4NHpnUFpaaW9ybHVBbmt0V2g4OEpRZ2FxX05SNVJQd0tEN3JwaVpZR3VnV2FDYVhyUlotcDJkQUI3ZTAwZlJrRVh1dzYxYmo1Rmo3NkxYY25oTkczSlpFelNaYWdFMVFURE0?oc=5"" target=""_blank"">삼익THK, 심규석 보통주 1만3000주 장내매도</a>&nbsp;&nbsp;<font color=""#6f6f6f"">디지털투데이</font>",Google News RSS
google_news_rss,004380,"삼익THK, 최대주주등 보통주 7500주 장내매수로 소유주식 7500주 증가 - 디지털투데이",https://news.google.com/rss/articles/CBMic0FVX3lxTE94Yi1ab1lQbDl4VmhUTFZrTC00cHlpekNVeUpYRDgxMFkxWUhVVUMxYmswNmt2QjhDLW83LXB5Z3dseFFTSmxBSUhxS2UxOVVDRkw1aHg5cTl5X3hJWnhqTzJId3JnR2lfTlM2ajk5dmdtUU0?oc=5,2026-05-15T07:00:00+00:00,"<a href=""https://news.google.com/rss/articles/CBMic0FVX3lxTE94Yi1ab1lQbDl4VmhUTFZrTC00cHlpekNVeUpYRDgxMFkxWUhVVUMxYmswNmt2QjhDLW83LXB5Z3dseFFTSmxBSUhxS2UxOVVDRkw1aHg5cTl5X3hJWnhqTzJId3JnR2lfTlM2ajk5dmdtUU0?oc=5"" target=""_blank"">삼익THK, 최대주주등 보통주 7500주 장내매수로 소유주식 7500주 증가</a>&nbsp;&nbsp;<font color=""#6f6f6f"">디지털투데이</font>",Google News RSS
google_news_rss,004380,삼익THK(004380) - 매일경제 마켓,https://news.google.com/rss/articles/CBMiWkFVX3lxTE1VdW54Uk1oRzIyZHMtcm5XX2M0V2UzQnFfaFFpM2pReTRyOVlURHVzOENqSzZmNVBUYklwZU5zWnN6bGFzM2d0Z0ptSURGalQ3TEljV2ZxbGVadw?oc=5,2023-01-26T06:01:27+00:00,"<a href=""https://news.google.com/rss/articles/CBMiWkFVX3lxTE1VdW54Uk1oRzIyZHMtcm5XX2M0V2UzQnFfaFFpM2pReTRyOVlURHVzOENqSzZmNVBUYklwZU5zWnN6bGFzM2d0Z0ptSURGalQ3TEljV2ZxbGVadw?oc=5"" target=""_blank"">삼익THK(004380)</a>&nbsp;&nbsp;<font color=""#6f6f6f"">매일경제 마켓</font>",Google News RSS
google_news_rss,004380,삼익THK (004380) - ThinkPool,https://news.google.com/rss/articles/CBMiS0FVX3lxTE9tZ3VpZEpWOWZVekZjalNNeFNnbmJhMndHVEdHR2h2OWljUVhHRThlLWNNT25VWGZiclZsSzd6U0dNdm9NYzN1eGg2RQ?oc=5,2022-08-13T04:47:05+00:00,"<a href=""https://news.google.com/rss/articles/CBMiS0FVX3lxTE9tZ3VpZEpWOWZVekZjalNNeFNnbmJhMndHVEdHR2h2OWljUVhHRThlLWNNT25VWGZiclZsSzd6U0dNdm9NYzN1eGg2RQ?oc=5"" target=""_blank"">삼익THK (004380)</a>&nbsp;&nbsp;<font color=""#6f6f6f"">ThinkPool</font>",Google News RSS
google_news_rss,008930,"한미사이언스, IP 경쟁력 인정 받았다…한지연 상무 지식재산청장 표창 - 뉴스1",https://news.google.com/rss/articles/CBMiZkFVX3lxTFBkNllyS1llRTkzNTdJZGF1M3RjdFY2MlItR20yWlBScFlncTlmZVNYeEdTZV92cTBoNHF1QjVBUzZFVGdfTjhwTm9ESDR1RDZmT1pma0psTjZyb19LZ1lxLUtCakk1UQ?oc=5,2026-07-22T02:35:53+00:00,"<a href=""https://news.google.com/rss/articles/CBMiZkFVX3lxTFBkNllyS1llRTkzNTdJZGF1M3RjdFY2MlItR20yWlBScFlncTlmZVNYeEdTZV92cTBoNHF1QjVBUzZFVGdfTjhwTm9ESDR1RDZmT1pma0psTjZyb19LZ1lxLUtCakk1UQ?oc=5"" target=""_blank"">한미사이언스, IP 경쟁력 인정 받았다…한지연 상무 지식재산청장 표창</a>&nbsp;&nbsp;<font color=""#6f6f6f"">뉴스1</font>",Google News RSS
google_news_rss,008930,"EPS 성장률이 중요하다고 생각하신다면, 한미사이언스(KRX:008930)가 좋은 투자 기회를 제공합니다. - simplywall.st",https://news.google.com/rss/articles/CBMiowFBVV95cUxOTENDTGFmVUhKdENjSkVJRGF6WnFmVVhVblFFcmh6Y0h1SlpnUWZENVV0bFl6M2daamVhR1ppaXEyMHpwd0lveFFnaEZOOFQxbFJzLU9SaERqSHB2REt4azM3WEk5b3dka3UybmpqUUl2YmJkazBPblRVcE90MTZhQjlqLUpmOFpvVWZHUVhmMXZRZHJvTUpWaU9NU0V6Yk5ZSV9n0gGoAUFVX3lxTFBiMTJqYk5CVTNJLVdzZk5IOHFwRmJJRGRtUUtsaTdwUzFJbmlMSjlkekMyTkpaNUM5V1NCYXYxVWhta0c4QWIyYWwtd3dUVWdpT002blZOMHFTNUFiVHlkVjlPVHBranVmRmJVN00tckdhaWYzX1E5ZWY4WldIRU0waGJWajRfOWk5WGlURXN1MHNNYXlWNVphSEhiWGk0MnNXS2N2Nm85Ug?oc=5,2026-07-09T07:00:00+00:00,"<a href=""https://news.google.com/rss/articles/CBMiowFBVV95cUxOTENDTGFmVUhKdENjSkVJRGF6WnFmVVhVblFFcmh6Y0h1SlpnUWZENVV0bFl6M2daamVhR1ppaXEyMHpwd0lveFFnaEZOOFQxbFJzLU9SaERqSHB2REt4azM3WEk5b3dka3UybmpqUUl2YmJkazBPblRVcE90MTZhQjlqLUpmOFpvVWZHUVhmMXZRZHJvTUpWaU9NU0V6Yk5ZSV9n0gGoAUFVX3lxTFBiMTJqYk5CVTNJLVdzZk5IOHFwRmJJRGRtUUtsaTdwUzFJbmlMSjlkekMyTkpaNUM5V1NCYXYxVWhta0c4QWIyYWwtd3dUVWdpT002blZOMHFTNUFiVHlkVjlPVHBranVmRmJVN00tckdhaWYzX1E5ZWY4WldIRU0waGJWajRfOWk5WGlURXN1MHNNYXlWNVphSEhiWGk0MnNXS2N2Nm85Ug?oc=5"" target=""_blank"">EPS 성장률이 중요하다고 생각하신다면, 한미사이언스(KRX:008930)가 좋은 투자 기회를 제공합니다.</a>&nbsp;&nbsp;<font color=""#6f6f6f"">simplywall.st</font>",Google News RSS
google_news_rss,008930,[인사] 한미그룹 - 연합뉴스,https://news.google.com/rss/articles/CBMiW0FVX3lxTE5zSmlUYURmNVlza0Q2WlZQcFVlYVdKM3dQNUpLN0RuUUtHZ3VkX3VVazFUWnF2c3RPNkEtcl95cUJmMlpLR0VuRHlxWEJvbXViU2V4LTUtQ0xvYWvSAWBBVV95cUxPZkNnS2pkalpTaDE4TF9BVjEyb2VJVVVmMzFJTkNieUJab3JNcFFRaXZ1cDhuaEo2V3RBbXZucTg4NXZpOHV0RnV2QnR1SjJuWXVtRDNUd2pXbHU4Y3BRMmg?oc=5,2026-07-02T07:00:00+00:00,"<a href=""https://news.google.com/rss/articles/CBMiW0FVX3lxTE5zSmlUYURmNVlza0Q2WlZQcFVlYVdKM3dQNUpLN0RuUUtHZ3VkX3VVazFUWnF2c3RPNkEtcl95cUJmMlpLR0VuRHlxWEJvbXViU2V4LTUtQ0xvYWvSAWBBVV95cUxPZkNnS2pkalpTaDE4TF9BVjEyb2VJVVVmMzFJTkNieUJab3JNcFFRaXZ1cDhuaEo2V3RBbXZucTg4NXZpOHV0RnV2QnR1SjJuWXVtRDNUd2pXbHU4Y3BRMmg?oc=5"" target=""_blank"">[인사] 한미그룹</a>&nbsp;&nbsp;<font color=""#6f6f6f"">연합뉴스</font>",Google News RSS
google_news_rss,008930,한미약품그룹 경영권 다시 긴장…잇단 지분 이동 - 매일경제 마켓,https://news.google.com/rss/articles/CBMiUkFVX3lxTFA5bVlfeUhKQWVvSkdZdTdXZHhNU2swNDNGQmhxQzY1MEQxU2ZMcFdmUmpibFRueWdVbEtmSEp6cjkyUkVFSWIyWWZUaldOTUNHNWc?oc=5,2026-07-08T07:00:00+00:00,"<a href=""https://news.google.com/rss/articles/CBMiUkFVX3lxTFA5bVlfeUhKQWVvSkdZdTdXZHhNU2swNDNGQmhxQzY1MEQxU2ZMcFdmUmpibFRueWdVbEtmSEp6cjkyUkVFSWIyWWZUaldOTUNHNWc?oc=5"" target=""_blank"">한미약품그룹 경영권 다시 긴장…잇단 지분 이동</a>&nbsp;&nbsp;<font color=""#6f6f6f"">매일경제 마켓</font>",Google News RSS
google_news_rss,008930,"한미 창업주 차남, 한미사이언스 지분 2.5% 매각 - 연합뉴스 한민족센터",https://news.google.com/rss/articles/CBMidEFVX3lxTE5vWXpWMTEzc2lWSnRJS2lvQU9VWE5PNlBCU0Z4eWlrXzhBbVdaVXBRam5ybEZPNjlHaTFwZDRxVlpGck5Wb3MxQ3daWVRWcjdaSk9DbmNnYVdmN1dQWnpLeHNaNGFWUXcxQ1luVFd0S3E4S2U2?oc=5,2026-07-02T09:55:16+00:00,"<a href=""https://news.google.com/rss/articles/CBMidEFVX3lxTE5vWXpWMTEzc2lWSnRJS2lvQU9VWE5PNlBCU0Z4eWlrXzhBbVdaVXBRam5ybEZPNjlHaTFwZDRxVlpGck5Wb3MxQ3daWVRWcjdaSk9DbmNnYVdmN1dQWnpLeHNaNGFWUXcxQ1luVFd0S3E4S2U2?oc=5"" target=""_blank"">한미 창업주 차남, 한미사이언스 지분 2.5% 매각</a>&nbsp;&nbsp;<font color=""#6f6f6f"">연합뉴스 한민족센터</font>",Google News RSS
google_news_rss,159910,"삼성·SK, 올해 낸드에서 116조 수익…고성능 라인업 전환 - 딜사이트",https://news.google.com/rss/articles/CBMiT0FVX3lxTE9UV2NwZm9kWnhxSmljQ0VSVmMtVXRiUnNxWXpZYllfejVSQkFkSmVSZ3pDMVhWQWtiNEJTcXBDX0NxZ0RMRmdBTlh1TmlQYkE?oc=5,2026-04-09T07:00:00+00:00,"<a href=""https://news.google.com/rss/articles/CBMiT0FVX3lxTE9UV2NwZm9kWnhxSmljQ0VSVmMtVXRiUnNxWXpZYllfejVSQkFkSmVSZ3pDMVhWQWtiNEJTcXBDX0NxZ0RMRmdBTlh1TmlQYkE?oc=5"" target=""_blank"">삼성·SK, 올해 낸드에서 116조 수익…고성능 라인업 전환</a>&nbsp;&nbsp;<font color=""#6f6f6f"">딜사이트</font>",Google News RSS
google_news_rss,159910,"김기훈 사내이사, 에코글로우 주식 보유 현황 보고 - 디지털투데이",https://news.google.com/rss/articles/CBMic0FVX3lxTE8yVEpJa0lNN25pdU01MGk3Qm5ldlV0d2NDNlQzeEE2WldVNlBJb3RVVHp3ajVaUWpxZzYxQ2JMdmJUbHlQRnpxYjhPNTJJbDFWdThYZGdkZHFOcVQyaUFpZ3k3X2RDX3VsbW5DcTlsWHJNWTQ?oc=5,2026-07-06T07:00:00+00:00,"<a href=""https://news.google.com/rss/articles/CBMic0FVX3lxTE8yVEpJa0lNN25pdU01MGk3Qm5ldlV0d2NDNlQzeEE2WldVNlBJb3RVVHp3ajVaUWpxZzYxQ2JMdmJUbHlQRnpxYjhPNTJJbDFWdThYZGdkZHFOcVQyaUFpZ3k3X2RDX3VsbW5DcTlsWHJNWTQ?oc=5"" target=""_blank"">김기훈 사내이사, 에코글로우 주식 보유 현황 보고</a>&nbsp;&nbsp;<font color=""#6f6f6f"">디지털투데이</font>",Google News RSS
google_news_rss,159910,"케이엠제약, 상한가 진입.. +29.98% ↑ - 서울경제",https://news.google.com/rss/articles/CBMiUkFVX3lxTE5fZndxRVE1a3dMVlRkaHlmYU9ON0dNUTZhUGRhZGh5LVJ5c3FMakd6OGNJMncyU3pUVmtqZHVEeEozZVYzWldDelQzZ2NVU2NJRnc?oc=5,2026-05-20T07:00:00+00:00,"<a href=""https://news.google.com/rss/articles/CBMiUkFVX3lxTE5fZndxRVE1a3dMVlRkaHlmYU9ON0dNUTZhUGRhZGh5LVJ5c3FMakd6OGNJMncyU3pUVmtqZHVEeEozZVYzWldDelQzZ2NVU2NJRnc?oc=5"" target=""_blank"">케이엠제약, 상한가 진입.. +29.98% ↑</a>&nbsp;&nbsp;<font color=""#6f6f6f"">서울경제</font>",Google News RSS
google_news_rss,159910,"“주주 1116명 반대”…에코글로우, 주식매수청구권 변수에 신사업 양수 연기 - 마켓인",https://news.google.com/rss/articles/CBMic0FVX3lxTE0xVENEbEJnVWdPdjgxX2lLWko0OVhEd1pDUHBEOGtISk9EMW01d2otZW5RNnhYNXU0YVluV0dFemZHTGxjZGpxellxVEFZZFEzWU1KRDlMYjIxSkFadjREY0hFeXhhWEE0RlJHNkhOeF9COHc?oc=5,2026-01-08T08:00:00+00:00,"<a href=""https://news.google.com/rss/articles/CBMic0FVX3lxTE0xVENEbEJnVWdPdjgxX2lLWko0OVhEd1pDUHBEOGtISk9EMW01d2otZW5RNnhYNXU0YVluV0dFemZHTGxjZGpxellxVEFZZFEzWU1KRDlMYjIxSkFadjREY0hFeXhhWEE0RlJHNkhOeF9COHc?oc=5"" target=""_blank"">“주주 1116명 반대”…에코글로우, 주식매수청구권 변수에 신사업 양수 연기</a>&nbsp;&nbsp;<font color=""#6f6f6f"">마켓인</font>",Google News RSS
google_news_rss,159910,스킨앤스킨(159910) - 매일경제 마켓,https://news.google.com/rss/articles/CBMiYEFVX3lxTE5JVkVtOG1ONjRYNl9WQk5uR3JORFFlODhqLTk2UjVyYTZDZ2pqMXVmTVFtdTIzMXkyaG9GWlpnUTQ0aWNWSEZweURyZlYwMVRpdm9IdUpIVy1zZGJDLUlqSA?oc=5,2023-03-12T12:50:20+00:00,"<a href=""https://news.google.com/rss/articles/CBMiYEFVX3lxTE5JVkVtOG1ONjRYNl9WQk5uR3JORFFlODhqLTk2UjVyYTZDZ2pqMXVmTVFtdTIzMXkyaG9GWlpnUTQ0aWNWSEZweURyZlYwMVRpdm9IdUpIVy1zZGJDLUlqSA?oc=5"" target=""_blank"">스킨앤스킨(159910)</a>&nbsp;&nbsp;<font color=""#6f6f6f"">매일경제 마켓</font>",Google News RSS
google_news_rss,그린생명과학,"그린생명과학 최대주주, 관악상사에서 그린케미칼로 변경 - 디지털투데이",https://news.google.com/rss/articles/CBMic0FVX3lxTE5yWDR2LUdRbmxBOHdRR2wyczN1a0twYlptTWVNbU84QTktMFctVFdnMFRKOVdMMmFRdWUyc19ZR2U0TGN5eDhMbXZuTHdHY3BoR05ESEVZSWlMT0FMWjBGeGlCWThZU1hsWmVMMjhEZ1lILUk?oc=5,2026-07-22T10:02:01+00:00,"<a href=""https://news.google.com/rss/articles/CBMic0FVX3lxTE5yWDR2LUdRbmxBOHdRR2wyczN1a0twYlptTWVNbU84QTktMFctVFdnMFRKOVdMMmFRdWUyc19ZR2U0TGN5eDhMbXZuTHdHY3BoR05ESEVZSWlMT0FMWjBGeGlCWThZU1hsWmVMMjhEZ1lILUk?oc=5"" target=""_blank"">그린생명과학 최대주주, 관악상사에서 그린케미칼로 변경</a>&nbsp;&nbsp;<font color=""#6f6f6f"">디지털투데이</font>",Google News RSS
google_news_rss,그린생명과학,그린생명과학 투자분석 2026. 07. 18 - 주달,https://news.google.com/rss/articles/CBMic0FVX3lxTFA2bDRNZi1fZkp1QU01X0pfRTlEWjVKdFBaQ1hheWVBRjl1SWtUNTg2QUl4dFZzZ0V3NVV0Q2R3Rjl4LWxxTFZ3ZGplb3JSMXFvR1RfUEdVZF94MFV4ZlBhVWNSUThNTnAzV3VYeUxwS3JGZlU?oc=5,2026-07-18T09:40:12+00:00,"<a href=""https://news.google.com/rss/articles/CBMic0FVX3lxTFA2bDRNZi1fZkp1QU01X0pfRTlEWjVKdFBaQ1hheWVBRjl1SWtUNTg2QUl4dFZzZ0V3NVV0Q2R3Rjl4LWxxTFZ3ZGplb3JSMXFvR1RfUEdVZF94MFV4ZlBhVWNSUThNTnAzV3VYeUxwS3JGZlU?oc=5"" target=""_blank"">그린생명과학 투자분석 2026. 07. 18</a>&nbsp;&nbsp;<font color=""#6f6f6f"">주달</font>",Google News RSS
google_news_rss,그린생명과학,"[IB토마토]그린생명과학, 의약품서 AI반도체로…매출 절반은 계열사 의존 - 뉴스토마토",https://news.google.com/rss/articles/CBMiYEFVX3lxTFB2aktlcjV0ZU42T0lpeEFwXzNvTDhlQjNMNTBGWk1BSUtIZGcyRzVLRUNwUllIel9zalQyeUtNb1RFMUdRS09fVmNwWThKYVU1ZkswR2NWOFNTNWlQMGJvNA?oc=5,2026-03-30T07:00:00+00:00,"<a href=""https://news.google.com/rss/articles/CBMiYEFVX3lxTFB2aktlcjV0ZU42T0lpeEFwXzNvTDhlQjNMNTBGWk1BSUtIZGcyRzVLRUNwUllIel9zalQyeUtNb1RFMUdRS09fVmNwWThKYVU1ZkswR2NWOFNTNWlQMGJvNA?oc=5"" target=""_blank"">[IB토마토]그린생명과학, 의약품서 AI반도체로…매출 절반은 계열사 의존</a>&nbsp;&nbsp;<font color=""#6f6f6f"">뉴스토마토</font>",Google News RSS
google_news_rss,그린생명과학,"그린생명과학, 2025년 매출 406억원…전년비 63.4%↑ - 히트뉴스",https://news.google.com/rss/articles/CBMia0FVX3lxTFBlSVRrQWY5VmVkbXludlVzNk5JeEdCQ2llM3JkU3pYNG5zcUE4WHFiclhubjkxeTl0TXhndTMzeVVkTnFBRkUzd01uOGdyUVRMTUtZUDAwdHZsR1RHamR1QkhmVExsTEt4cWhJ?oc=5,2026-01-26T08:00:00+00:00,"<a href=""https://news.google.com/rss/articles/CBMia0FVX3lxTFBlSVRrQWY5VmVkbXludlVzNk5JeEdCQ2llM3JkU3pYNG5zcUE4WHFiclhubjkxeTl0TXhndTMzeVVkTnFBRkUzd01uOGdyUVRMTUtZUDAwdHZsR1RHamR1QkhmVExsTEt4cWhJ?oc=5"" target=""_blank"">그린생명과학, 2025년 매출 406억원…전년비 63.4%↑</a>&nbsp;&nbsp;<font color=""#6f6f6f"">히트뉴스</font>",Google News RSS
google_news_rss,그린생명과학,[그린생명과학 줌업] 4010원에 처분 예고한 자사주…소각 대신 3234원에 '블록딜'① - 녹색경제신문,https://news.google.com/rss/articles/CBMiaEFVX3lxTE1HOHF1VDZUQXRGaVplZGpmRDBrelRZOVFfekx0elFTUkx2akl2SllHUEFhXy1QMWVuT2xVdG03TWJlYmszTlZ4UWZjVXhhWmp2UFdPZXRXbE93b3BNS1ZiVU54RENGOUNP?oc=5,2026-05-29T07:00:00+00:00,"<a href=""https://news.google.com/rss/articles/CBMiaEFVX3lxTE1HOHF1VDZUQXRGaVplZGpmRDBrelRZOVFfekx0elFTUkx2akl2SllHUEFhXy1QMWVuT2xVdG03TWJlYmszTlZ4UWZjVXhhWmp2UFdPZXRXbE93b3BNS1ZiVU54RENGOUNP?oc=5"" target=""_blank"">[그린생명과학 줌업] 4010원에 처분 예고한 자사주…소각 대신 3234원에 '블록딜'①</a>&nbsp;&nbsp;<font color=""#6f6f6f"">녹색경제신문</font>",Google News RSS
google_news_rss,134790,"시디즈, 최대주주등 보통주 1048주 장내매수로 지분율 62.15% - 디지털투데이",https://news.google.com/rss/articles/CBMic0FVX3lxTE03Q2pDN25ZdlRkY3cwb0s5OXhDRDZzbXNIX3k4MC1sT0dPVlNXRHNIOUVKbjdwSXMzcUJUVGEwc1pWWEYzaWxfM2g3ekxoWjVmMEIxZ295OVotVlZHU1pKbmVqUkd1THFuZlJiazhBTXZYV28?oc=5,2026-07-06T05:32:03+00:00,"<a href=""https://news.google.com/rss/articles/CBMic0FVX3lxTE03Q2pDN25ZdlRkY3cwb0s5OXhDRDZzbXNIX3k4MC1sT0dPVlNXRHNIOUVKbjdwSXMzcUJUVGEwc1pWWEYzaWxfM2g3ekxoWjVmMEIxZ295OVotVlZHU1pKbmVqUkd1THFuZlJiazhBTXZYV28?oc=5"" target=""_blank"">시디즈, 최대주주등 보통주 1048주 장내매수로 지분율 62.15%</a>&nbsp;&nbsp;<font color=""#6f6f6f"">디지털투데이</font>",Google News RSS
google_news_rss,134790,시디즈 (134790) - ThinkPool,https://news.google.com/rss/articles/CBMiS0FVX3lxTE5MeDkweXhDY3hPbWJDcllyczVjeGRKcVRjZklWUFRwV3ZFR3ZVVGJlaDFFR2pHTDlIQllSaG4yc0xab3FIcXBUNlhOSQ?oc=5,2022-08-09T03:13:20+00:00,"<a href=""https://news.google.com/rss/articles/CBMiS0FVX3lxTE5MeDkweXhDY3hPbWJDcllyczVjeGRKcVRjZklWUFRwV3ZFR3ZVVGJlaDFFR2pHTDlIQllSaG4yc0xab3FIcXBUNlhOSQ?oc=5"" target=""_blank"">시디즈 (134790)</a>&nbsp;&nbsp;<font color=""#6f6f6f"">ThinkPool</font>",Google News RSS
google_news_rss,134790,"크래프톤-시디즈, 성수동서 PUBG 모바일 팝업스토어 - 연합뉴스",https://news.google.com/rss/articles/CBMiW0FVX3lxTE13Mzc3QU5BcWlaZGdWYzI3cFFZLXRDdnlPMExlQ1ZGUTBnTUF3WnpvVzBqc1prUkx2aHhWVmg5clFZZU53TEZFdm5RYjRPZTREOGFkYmlzRElpdk3SAWBBVV95cUxONjhSaThRWDZMZjUxVmlRak9udm9pbjNxSTh5dWc2a2FBc1VzNU9ITXpfNU9vM1BjYkMtM3JJWWV3NERxcXJyc2g0M0NaSXhrTm1UWFBkbjJjelRtSEhSWUs?oc=5,2024-09-30T07:00:00+00:00,"<a href=""https://news.google.com/rss/articles/CBMiW0FVX3lxTE13Mzc3QU5BcWlaZGdWYzI3cFFZLXRDdnlPMExlQ1ZGUTBnTUF3WnpvVzBqc1prUkx2aHhWVmg5clFZZU53TEZFdm5RYjRPZTREOGFkYmlzRElpdk3SAWBBVV95cUxONjhSaThRWDZMZjUxVmlRak9udm9pbjNxSTh5dWc2a2FBc1VzNU9ITXpfNU9vM1BjYkMtM3JJWWV3NERxcXJyc2g0M0NaSXhrTm1UWFBkbjJjelRtSEhSWUs?oc=5"" target=""_blank"">크래프톤-시디즈, 성수동서 PUBG 모바일 팝업스토어</a>&nbsp;&nbsp;<font color=""#6f6f6f"">연합뉴스</font>",Google News RSS
google_news_rss,134790,"티피링크, 와이파이6 휴대용 공유기 ‘TL-WR1502X’ 출시 - 보안뉴스",https://news.google.com/rss/articles/CBMiX0FVX3lxTE5xR3J4QVdwaS1nZXQ1UTRoaGtLa3oyZndqVTNpeGNIY2ZOTUpRVFdaRHhab1ZONWlSV2lhQ1l3SnFERENFenR6azVjTFFaWDBBWUpXbWFVSUF1NHBJQXFz?oc=5,2024-11-30T08:00:00+00:00,"<a href=""https://news.google.com/rss/articles/CBMiX0FVX3lxTE5xR3J4QVdwaS1nZXQ1UTRoaGtLa3oyZndqVTNpeGNIY2ZOTUpRVFdaRHhab1ZONWlSV2lhQ1l3SnFERENFenR6azVjTFFaWDBBWUpXbWFVSUF1NHBJQXFz?oc=5"" target=""_blank"">티피링크, 와이파이6 휴대용 공유기 ‘TL-WR1502X’ 출시</a>&nbsp;&nbsp;<font color=""#6f6f6f"">보안뉴스</font>",Google News RSS
google_news_rss,134790,치의 취업자 증가세 446개 직업 중 18위 - 치의신보,https://news.google.com/rss/articles/CBMiaEFVX3lxTE9rbXJtVzZ4Sko2X2tycmFTeTQ4b2tuSm5sQTF0TERfb2c5UXQ4R0xkRWl5eHplM2RjZEhNZmM3T1RtNU1GQzN5b2RRbjlOdGk1Rk5JZmJrRlFQNGlFVU9uai1iNVVWc05B?oc=5,2025-08-27T07:00:00+00:00,"<a href=""https://news.google.com/rss/articles/CBMiaEFVX3lxTE9rbXJtVzZ4Sko2X2tycmFTeTQ4b2tuSm5sQTF0TERfb2c5UXQ4R0xkRWl5eHplM2RjZEhNZmM3T1RtNU1GQzN5b2RRbjlOdGk1Rk5JZmJrRlFQNGlFVU9uai1iNVVWc05B?oc=5"" target=""_blank"">치의 취업자 증가세 446개 직업 중 18위</a>&nbsp;&nbsp;<font color=""#6f6f6f"">치의신보</font>",Google News RSS
google_news_rss,005710,"[실적속보]대원산업, 3년 중 가장 낮은 영업이익, 매출액은 전년동기 대비 -13%↓ (연결) - ThinkPool",https://news.google.com/rss/articles/CBMiaEFVX3lxTE9XYmhRV0RDR0U0akc4Q0VLOWZKbmgzRXo2ZFJ3YWZCUG1VOE5YUEVicFZmZUZiemhpcmd0dXJSSWpVUGlObjloVGREbjZxdjJ2MFRsMXJ0dURoVEJxaG90S09ldDVtTUQ3?oc=5,2026-03-12T07:00:00+00:00,"<a href=""https://news.google.com/rss/articles/CBMiaEFVX3lxTE9XYmhRV0RDR0U0akc4Q0VLOWZKbmgzRXo2ZFJ3YWZCUG1VOE5YUEVicFZmZUZiemhpcmd0dXJSSWpVUGlObjloVGREbjZxdjJ2MFRsMXJ0dURoVEJxaG90S09ldDVtTUQ3?oc=5"" target=""_blank"">[실적속보]대원산업, 3년 중 가장 낮은 영업이익, 매출액은 전년동기 대비 -13%↓ (연결)</a>&nbsp;&nbsp;<font color=""#6f6f6f"">ThinkPool</font>",Google News RSS
google_news_rss,005710,[MK 골든크로스 돌파종목 : 한화솔루션(125020) & 코이즈(005710)] - 매일경제,https://news.google.com/rss/articles/CBMiUkFVX3lxTE9oQnhrLVNsUU0xRGpkOF9mWlhhcFA2aks3X3RMbFBZWVpKVzlzLU5uX2VvNmJlN2x2N08wQjFXbjlqT25xc3JkdG5FZ2c5cm1JUGc?oc=5,2026-02-05T08:00:00+00:00,"<a href=""https://news.google.com/rss/articles/CBMiUkFVX3lxTE9oQnhrLVNsUU0xRGpkOF9mWlhhcFA2aks3X3RMbFBZWVpKVzlzLU5uX2VvNmJlN2x2N08wQjFXbjlqT25xc3JkdG5FZ2c5cm1JUGc?oc=5"" target=""_blank"">[MK 골든크로스 돌파종목 : 한화솔루션(125020) & 코이즈(005710)]</a>&nbsp;&nbsp;<font color=""#6f6f6f"">매일경제</font>",Google News RSS
google_news_rss,005710,"VIP자산운용 “대원산업, 집중투표제 배제 시도…반대 의견 표명” [시그널] - 서울경제",https://news.google.com/rss/articles/CBMiV0FVX3lxTE1NdGRJX3lyOGRKQmcwZC1neXlYTWxCZXhicFdLa2RYRHZWUVkxRU1tV1BKVExlTktmSVZzamZMcWxROTNGNlNVcGhnelZUMmdzcDdnZEpaZw?oc=5,2026-03-13T07:00:00+00:00,"<a href=""https://news.google.com/rss/articles/CBMiV0FVX3lxTE1NdGRJX3lyOGRKQmcwZC1neXlYTWxCZXhicFdLa2RYRHZWUVkxRU1tV1BKVExlTktmSVZzamZMcWxROTNGNlNVcGhnelZUMmdzcDdnZEpaZw?oc=5"" target=""_blank"">VIP자산운용 “대원산업, 집중투표제 배제 시도…반대 의견 표명” [시그널]</a>&nbsp;&nbsp;<font color=""#6f6f6f"">서울경제</font>",Google News RSS
google_news_rss,005710,"[실적속보]대원산업, 올해 3Q 매출액 2743억(+15%) 영업이익 269억(+17%) (연결) - ThinkPool",https://news.google.com/rss/articles/CBMiaEFVX3lxTE93MG40NUk2cTV3enJjalc2YUIydW82amNPSHZXSE43MG5VUFhQYU5nekZpUm03N21qSVFLbndqMHB1OFhEUFI2b05WMXRETkZpTTN1LUhLTmh6eGN0LWhZcEZVMnhYQUZo?oc=5,2025-11-16T06:05:42+00:00,"<a href=""https://news.google.com/rss/articles/CBMiaEFVX3lxTE93MG40NUk2cTV3enJjalc2YUIydW82amNPSHZXSE43MG5VUFhQYU5nekZpUm03N21qSVFLbndqMHB1OFhEUFI2b05WMXRETkZpTTN1LUhLTmh6eGN0LWhZcEZVMnhYQUZo?oc=5"" target=""_blank"">[실적속보]대원산업, 올해 3Q 매출액 2743억(+15%) 영업이익 269억(+17%) (연결)</a>&nbsp;&nbsp;<font color=""#6f6f6f"">ThinkPool</font>",Google News RSS
google_news_rss,005710,"대원산업, 대표이사 변경…허재건·양광직·김재덕 체제 - 디지털투데이",https://news.google.com/rss/articles/CBMic0FVX3lxTE53YWFZV2NqLXpaZWstblVKS1ZnZndrblZsT1ktZ2cyZkZUbUlLLXVrdmNkQ004N3Q5aTBKZjc5eWxkbEFoV1lkeXZmWFQwdkR6c05tbVBmRm1abV80eEZxd1hFQVMtZjJXYmptZHlheC1mcEk?oc=5,2026-03-20T07:00:00+00:00,"<a href=""https://news.google.com/rss/articles/CBMic0FVX3lxTE53YWFZV2NqLXpaZWstblVKS1ZnZndrblZsT1ktZ2cyZkZUbUlLLXVrdmNkQ004N3Q5aTBKZjc5eWxkbEFoV1lkeXZmWFQwdkR6c05tbVBmRm1abV80eEZxd1hFQVMtZjJXYmptZHlheC1mcEk?oc=5"" target=""_blank"">대원산업, 대표이사 변경…허재건·양광직·김재덕 체제</a>&nbsp;&nbsp;<font color=""#6f6f6f"">디지털투데이</font>",Google News RSS
google_news_rss,024720,"콜마홀딩스, 최대주주등 보유주식 5000주 감소 - 디지털투데이",https://news.google.com/rss/articles/CBMic0FVX3lxTE9YNTBzSDJjZGhDS09lWHgxUnJWYUs5QnlPcmF3Z2hlVVducDN6YkZTSWVIZUZOUThnTzVMN2ljNWVPNFd6TktWYmVxbWN5bldtM2ZFenN3S0o0NG95VklaUjBiUC0xb2dkVEc3WDI4dllsY2s?oc=5,2026-07-08T07:00:00+00:00,"<a href=""https://news.google.com/rss/articles/CBMic0FVX3lxTE9YNTBzSDJjZGhDS09lWHgxUnJWYUs5QnlPcmF3Z2hlVVducDN6YkZTSWVIZUZOUThnTzVMN2ljNWVPNFd6TktWYmVxbWN5bldtM2ZFenN3S0o0NG95VklaUjBiUC0xb2dkVEc3WDI4dllsY2s?oc=5"" target=""_blank"">콜마홀딩스, 최대주주등 보유주식 5000주 감소</a>&nbsp;&nbsp;<font color=""#6f6f6f"">디지털투데이</font>",Google News RSS
google_news_rss,024720,"“신약클러스터도 못 살렸다”…매각 부인하던 우정바이오, 콜마에 경영권 넘긴다 - 팜이데일리",https://news.google.com/rss/articles/CBMibkFVX3lxTE9WS19CckVxRXQ3ZVJjTTY4MlowS09kbjg4dGJLZWVJajluQUlVcWE0OGV0S21mYXVtM2lFYy1MeUltMGlOZ1JuMGliaDE0dnZ0ZnVtbWxsTG5KeHJGOUpyOVhmd2FoTERCN0ZNLUpn?oc=5,2026-03-05T08:00:00+00:00,"<a href=""https://news.google.com/rss/articles/CBMibkFVX3lxTE9WS19CckVxRXQ3ZVJjTTY4MlowS09kbjg4dGJLZWVJajluQUlVcWE0OGV0S21mYXVtM2lFYy1MeUltMGlOZ1JuMGliaDE0dnZ0ZnVtbWxsTG5KeHJGOUpyOVhmd2FoTERCN0ZNLUpn?oc=5"" target=""_blank"">“신약클러스터도 못 살렸다”…매각 부인하던 우정바이오, 콜마에 경영권 넘긴다</a>&nbsp;&nbsp;<font color=""#6f6f6f"">팜이데일리</font>",Google News RSS
google_news_rss,024720,"콜마홀딩스, 최대주주등 보통주 9401주 순증 - 디지털투데이",https://news.google.com/rss/articles/CBMic0FVX3lxTE9iQTNFR1ZKS0dhX2IxcGNQb0tGZEdqRjZRakRaTU1nNFZmSnFoLUZFbE91WmZiVzgySENFYm1ILUV2eXJDVmlTR21sXzFkWG9pOFIzak9tQzV6NjFBX2pTSC1WQVFxb0wtWmctdmJ2SFRuYXM?oc=5,2026-07-10T08:23:03+00:00,"<a href=""https://news.google.com/rss/articles/CBMic0FVX3lxTE9iQTNFR1ZKS0dhX2IxcGNQb0tGZEdqRjZRakRaTU1nNFZmSnFoLUZFbE91WmZiVzgySENFYm1ILUV2eXJDVmlTR21sXzFkWG9pOFIzak9tQzV6NjFBX2pTSC1WQVFxb0wtWmctdmJ2SFRuYXM?oc=5"" target=""_blank"">콜마홀딩스, 최대주주등 보통주 9401주 순증</a>&nbsp;&nbsp;<font color=""#6f6f6f"">디지털투데이</font>",Google News RSS
google_news_rss,024720,콜마홀딩스(024720)밀릴때마다 물량 모아둘 기회로 보이며 이후 전망 및 대응전략. - ThinkPool,https://news.google.com/rss/articles/CBMiXEFVX3lxTFAydVlfRmV5N2xuR2xtQl9yYWJXaFNHSVRBbnlETjh6S25hT1N2SkZmM0ZENWZudXF2RFptZXFqOWxhN3kxUEhoM0dVMjM5ME1OZ1pkQ3B1aWVncDl1?oc=5,2025-04-16T03:33:22+00:00,"<a href=""https://news.google.com/rss/articles/CBMiXEFVX3lxTFAydVlfRmV5N2xuR2xtQl9yYWJXaFNHSVRBbnlETjh6S25hT1N2SkZmM0ZENWZudXF2RFptZXFqOWxhN3kxUEhoM0dVMjM5ME1OZ1pkQ3B1aWVncDl1?oc=5"" target=""_blank"">콜마홀딩스(024720)밀릴때마다 물량 모아둘 기회로 보이며 이후 전망 및 대응전략.</a>&nbsp;&nbsp;<font color=""#6f6f6f"">ThinkPool</font>",Google News RSS
google_news_rss,024720,한국콜마홀딩스(024720) - 매일경제 마켓,https://news.google.com/rss/articles/CBMiWkFVX3lxTE4xcXp5VDlHVXlEREJtUFpzczNOejBnZ0UwU3NpYktNcWtVVUptb2FKVTkxclZMY2NuUnBBcS1OaWlkaVdkM0Rwd1R6UE5Idkw1T2VNbzRiYkp0QQ?oc=5,2023-02-15T07:49:37+00:00,"<a href=""https://news.google.com/rss/articles/CBMiWkFVX3lxTE4xcXp5VDlHVXlEREJtUFpzczNOejBnZ0UwU3NpYktNcWtVVUptb2FKVTkxclZMY2NuUnBBcS1OaWlkaVdkM0Rwd1R6UE5Idkw1T2VNbzRiYkp0QQ?oc=5"" target=""_blank"">한국콜마홀딩스(024720)</a>&nbsp;&nbsp;<font color=""#6f6f6f"">매일경제 마켓</font>",Google News RSS
google_news_rss,040910,아이씨디 (040910) - ThinkPool,https://news.google.com/rss/articles/CBMiS0FVX3lxTE9YT2U1ajFWbF8zTWRMV1Y2RzdYbDk4bFJCb0t3c21fZU81V25hN2J4SUcwUjZqSXowa1o5ekV2ekZTQWZpRW9BSmJzbw?oc=5,2022-08-08T23:32:45+00:00,"<a href=""https://news.google.com/rss/articles/CBMiS0FVX3lxTE9YT2U1ajFWbF8zTWRMV1Y2RzdYbDk4bFJCb0t3c21fZU81V25hN2J4SUcwUjZqSXowa1o5ekV2ekZTQWZpRW9BSmJzbw?oc=5"" target=""_blank"">아이씨디 (040910)</a>&nbsp;&nbsp;<font color=""#6f6f6f"">ThinkPool</font>",Google News RSS
google_news_rss,040910,아이씨디(040910) - 매일경제 마켓,https://news.google.com/rss/articles/CBMiWkFVX3lxTFA1d09aejVQd3gtVzY4UTZod2Nrbk5mT1A5ZjFBSWE2UnBsMTk0NTFjY2ZFVUU5T1o4bkYzMUpRaGxtZzJMZ3p2OXU1S0VLUEdxV1BWYlhvYlhoUQ?oc=5,2023-02-17T01:32:51+00:00,"<a href=""https://news.google.com/rss/articles/CBMiWkFVX3lxTFA1d09aejVQd3gtVzY4UTZod2Nrbk5mT1A5ZjFBSWE2UnBsMTk0NTFjY2ZFVUU5T1o4bkYzMUpRaGxtZzJMZ3p2OXU1S0VLUEdxV1BWYlhvYlhoUQ?oc=5"" target=""_blank"">아이씨디(040910)</a>&nbsp;&nbsp;<font color=""#6f6f6f"">매일경제 마켓</font>",Google News RSS
google_news_rss,040910,아이씨디 수주공시 - FPD제조장비 295.7억원 (매출액대비 15.01 %) - 한국경제,https://news.google.com/rss/articles/CBMiWkFVX3lxTE5ZZ2hoYlZCUVB1cVhJM2JmcEcwOUJ0TFU4d2pMSlVNcE8xOGZUM2duTWlqX1doRC02S3ZaS0VHTFFXM0hTOElNbmVIZUE3dThqMHR0QUtWTmlhQQ?oc=5,2026-07-08T07:00:00+00:00,"<a href=""https://news.google.com/rss/articles/CBMiWkFVX3lxTE5ZZ2hoYlZCUVB1cVhJM2JmcEcwOUJ0TFU4d2pMSlVNcE8xOGZUM2duTWlqX1doRC02S3ZaS0VHTFFXM0hTOElNbmVIZUE3dThqMHR0QUtWTmlhQQ?oc=5"" target=""_blank"">아이씨디 수주공시 - FPD제조장비 295.7억원 (매출액대비 15.01 %)</a>&nbsp;&nbsp;<font color=""#6f6f6f"">한국경제</font>",Google News RSS
google_news_rss,040910,"아이씨디(040910), 삼성 QD 받고 중국 투자 받고... - Naver Blog",https://news.google.com/rss/articles/CBMiWkFVX3lxTE9NekgzdjRkbzg0NHJPQVRTMm5pOF8xR1VVdTdEUzc2WDA1dW8xNUZOV3NkQks2WENGTjhCd05OdmRHZHM0bnU0TWtOMEpZZTVZTkp2VEFPYnVSQQ?oc=5,2019-03-25T07:00:00+00:00,"<a href=""https://news.google.com/rss/articles/CBMiWkFVX3lxTE9NekgzdjRkbzg0NHJPQVRTMm5pOF8xR1VVdTdEUzc2WDA1dW8xNUZOV3NkQks2WENGTjhCd05OdmRHZHM0bnU0TWtOMEpZZTVZTkp2VEFPYnVSQQ?oc=5"" target=""_blank"">아이씨디(040910), 삼성 QD 받고 중국 투자 받고...</a>&nbsp;&nbsp;<font color=""#6f6f6f"">Naver Blog</font>",Google News RSS
google_news_rss,040910,아이씨디 수주공시 - FPD제조장비 104.6억원 (매출액대비 5.31 %) - 네이트,https://news.google.com/rss/articles/CBMiU0FVX3lxTFBKaHdiMUYzdFY5UEF0MFh6NHdtMGRhYlVBOXhXU2o4SjU5ZHp1RHhMN09ucDNxMW5wamtITUdSZ2JCaGtsYmhNTGQ3dnR0R1BaQmww?oc=5,2026-07-13T08:11:00+00:00,"<a href=""https://news.google.com/rss/articles/CBMiU0FVX3lxTFBKaHdiMUYzdFY5UEF0MFh6NHdtMGRhYlVBOXhXU2o4SjU5ZHp1RHhMN09ucDNxMW5wamtITUdSZ2JCaGtsYmhNTGQ3dnR0R1BaQmww?oc=5"" target=""_blank"">아이씨디 수주공시 - FPD제조장비 104.6억원 (매출액대비 5.31 %)</a>&nbsp;&nbsp;<font color=""#6f6f6f"">네이트</font>",Google News RSS
google_news_rss,340810,씨유박스(340810) - 매일경제 마켓,https://news.google.com/rss/articles/CBMiWkFVX3lxTE9mTkxPYnZDWGJIaVRJZFdRWnlobXpwRURnRWt5VnBob3hjT25FLWV5NkhiaG1YSmxWYjdmTEZ2YnJBMVloU0tMay1GLWptbmJVa2tqV2dXV0FGdw?oc=5,2026-04-14T04:34:32+00:00,"<a href=""https://news.google.com/rss/articles/CBMiWkFVX3lxTE9mTkxPYnZDWGJIaVRJZFdRWnlobXpwRURnRWt5VnBob3hjT25FLWV5NkhiaG1YSmxWYjdmTEZ2YnJBMVloU0tMay1GLWptbmJVa2tqV2dXV0FGdw?oc=5"" target=""_blank"">씨유박스(340810)</a>&nbsp;&nbsp;<font color=""#6f6f6f"">매일경제 마켓</font>",Google News RSS
google_news_rss,340810,"시선AI, 10억원 유상증자…이에이치 파트너스에 제3자배정 - 연합뉴스",https://news.google.com/rss/articles/CBMiW0FVX3lxTE56bDU4SktMMW03cG1YbmZmNU1HSFFmWExuYmFWaU9ZNWxmd0s4Zk1vZGlhMVdSby1QODdPMzFlcm9jVm02cnVRTUItLWJwUWtLNllvWm9IWUl0QkXSAWBBVV95cUxNeU9hWE5sQzdreG9idFVnZTRCTXJncUM5SHgzcGZxNDRmWGpVSHUxQ3hQWnRwZGpkNFliNjhxTUtWNjJOeU5TYWRfVm9fN1JmejVqcVBETUhBemFMZS1sTVk?oc=5,2026-07-03T07:00:00+00:00,"<a href=""https://news.google.com/rss/articles/CBMiW0FVX3lxTE56bDU4SktMMW03cG1YbmZmNU1HSFFmWExuYmFWaU9ZNWxmd0s4Zk1vZGlhMVdSby1QODdPMzFlcm9jVm02cnVRTUItLWJwUWtLNllvWm9IWUl0QkXSAWBBVV95cUxNeU9hWE5sQzdreG9idFVnZTRCTXJncUM5SHgzcGZxNDRmWGpVSHUxQ3hQWnRwZGpkNFliNjhxTUtWNjJOeU5TYWRfVm9fN1JmejVqcVBETUhBemFMZS1sTVk?oc=5"" target=""_blank"">시선AI, 10억원 유상증자…이에이치 파트너스에 제3자배정</a>&nbsp;&nbsp;<font color=""#6f6f6f"">연합뉴스</font>",Google News RSS
google_news_rss,340810,[코스피·코스닥 전 거래일(3일) 주요공시] - 연합뉴스,https://news.google.com/rss/articles/CBMiW0FVX3lxTFBiSGx5bzdId2VveGRSaXdVaXZPa2ZxVmlBeTlTS3lNY0habUhDOHZLdEt3eWl6eXI5azVhN1RZMlUzekxSZF9yQngtek5ubzJRTFZlRklSZjJrdjjSAWBBVV95cUxOQ0l5cm0yaktQN0NvX21PY3l3emdvcXdkNHp4SXotLVZjazI2TXdsM2Z3N25OYjdjOVBYSy1QM0dabi1HQThWZHBFRmRFbzYtNWhVQXlaWFNwSGRuS3ByYzE?oc=5,2026-07-06T07:00:00+00:00,"<a href=""https://news.google.com/rss/articles/CBMiW0FVX3lxTFBiSGx5bzdId2VveGRSaXdVaXZPa2ZxVmlBeTlTS3lNY0habUhDOHZLdEt3eWl6eXI5azVhN1RZMlUzekxSZF9yQngtek5ubzJRTFZlRklSZjJrdjjSAWBBVV95cUxOQ0l5cm0yaktQN0NvX21PY3l3emdvcXdkNHp4SXotLVZjazI2TXdsM2Z3N25OYjdjOVBYSy1QM0dabi1HQThWZHBFRmRFbzYtNWhVQXlaWFNwSGRuS3ByYzE?oc=5"" target=""_blank"">[코스피·코스닥 전 거래일(3일) 주요공시]</a>&nbsp;&nbsp;<font color=""#6f6f6f"">연합뉴스</font>",Google News RSS
google_news_rss,340810,[코스피·코스닥 전 거래일(3일) 주요공시] - 매일경제 마켓,https://news.google.com/rss/articles/CBMiUkFVX3lxTE45eVNDVlpORHdGTXR5aHk1YVhMLThyVU85LUhoZl96YWNoWEFxQmNzWVBBa0RacHJpWXZPWmgteHEyX3J5aUp5V19qaE9kb19EOVE?oc=5,2026-07-06T07:00:00+00:00,"<a href=""https://news.google.com/rss/articles/CBMiUkFVX3lxTE45eVNDVlpORHdGTXR5aHk1YVhMLThyVU85LUhoZl96YWNoWEFxQmNzWVBBa0RacHJpWXZPWmgteHEyX3J5aUp5V19qaE9kb19EOVE?oc=5"" target=""_blank"">[코스피·코스닥 전 거래일(3일) 주요공시]</a>&nbsp;&nbsp;<font color=""#6f6f6f"">매일경제 마켓</font>",Google News RSS
google_news_rss,340810,"시선AI, 또다시 '영구 CB M&A'…무현금 확장 '무리수' 논란 - ibtomato.com",https://news.google.com/rss/articles/CBMiakFVX3lxTE8teDY1eDRSOFRoeE9hZE9CRWdJVVJTUG5LM0VSajhrbWpoOVdzMVlJVTdvcTkwUXRQUVF5SDlCNlNNcU5QZDBwNXJzay1oX0Z5OUpoQmpUWFVrbHpFUDBzdTNqX1VCUWRVT1E?oc=5,2025-11-05T08:00:00+00:00,"<a href=""https://news.google.com/rss/articles/CBMiakFVX3lxTE8teDY1eDRSOFRoeE9hZE9CRWdJVVJTUG5LM0VSajhrbWpoOVdzMVlJVTdvcTkwUXRQUVF5SDlCNlNNcU5QZDBwNXJzay1oX0Z5OUpoQmpUWFVrbHpFUDBzdTNqX1VCUWRVT1E?oc=5"" target=""_blank"">시선AI, 또다시 '영구 CB M&A'…무현금 확장 '무리수' 논란</a>&nbsp;&nbsp;<font color=""#6f6f6f"">ibtomato.com</font>",Google News RSS
google_news_rss,106240,"성진홀딩스, 자본 38억으로 파인테크닉스 인수 - 경제타임스",https://news.google.com/rss/articles/CBMiWEFVX3lxTE0zZGxta21MY0xaWnYzbFhCZDdBWEI2dV9fU2xNNXNMUmNocUZ6LUctUldrOTY4MnZuaUJOT3lqRUYxSGs1bHFhQ3lyVFRaeGRXcFUwcGxKaXQ?oc=5,2026-04-16T07:00:00+00:00,"<a href=""https://news.google.com/rss/articles/CBMiWEFVX3lxTE0zZGxta21MY0xaWnYzbFhCZDdBWEI2dV9fU2xNNXNMUmNocUZ6LUctUldrOTY4MnZuaUJOT3lqRUYxSGs1bHFhQ3lyVFRaeGRXcFUwcGxKaXQ?oc=5"" target=""_blank"">성진홀딩스, 자본 38억으로 파인테크닉스 인수</a>&nbsp;&nbsp;<font color=""#6f6f6f"">경제타임스</font>",Google News RSS
google_news_rss,106240,모든 학교에 전문 상담인력 배치 추진 - 한국교육신문,https://news.google.com/rss/articles/CBMiWkFVX3lxTE55TDdzcUp2LWxzZnhWZ0x6VU44RVU4TWNnaXFvMjBWT0NVWnBwZ3JmZmFHdEhWSm5kcm5zcDEzWHUyd3lxYUFnQ2tGRnBMZ2JMNGhaV29QVVQxQQ?oc=5,2025-12-30T08:00:00+00:00,"<a href=""https://news.google.com/rss/articles/CBMiWkFVX3lxTE55TDdzcUp2LWxzZnhWZ0x6VU44RVU4TWNnaXFvMjBWT0NVWnBwZ3JmZmFHdEhWSm5kcm5zcDEzWHUyd3lxYUFnQ2tGRnBMZ2JMNGhaV29QVVQxQQ?oc=5"" target=""_blank"">모든 학교에 전문 상담인력 배치 추진</a>&nbsp;&nbsp;<font color=""#6f6f6f"">한국교육신문</font>",Google News RSS
google_news_rss,106240,"파인테크닉스, 제9회차 전환사채 만기 전 28억6550만원 취득 - 디지털투데이",https://news.google.com/rss/articles/CBMic0FVX3lxTE4wMVBpNDRuTHp2azcxOGJ2RXRGMEtJaWE5VnBTc25ISnc0bEtUSk9WdWZKZUNIVThUZUZNbzVEd3lpSEpOZ2Jya0NSSGwzNzVhX2RNcXN5SVJ3RVJMSlNJc1FPNG5NckJnWlM1ZzlUZUNMS0U?oc=5,2026-07-06T07:00:00+00:00,"<a href=""https://news.google.com/rss/articles/CBMic0FVX3lxTE4wMVBpNDRuTHp2azcxOGJ2RXRGMEtJaWE5VnBTc25ISnc0bEtUSk9WdWZKZUNIVThUZUZNbzVEd3lpSEpOZ2Jya0NSSGwzNzVhX2RNcXN5SVJ3RVJMSlNJc1FPNG5NckJnWlM1ZzlUZUNMS0U?oc=5"" target=""_blank"">파인테크닉스, 제9회차 전환사채 만기 전 28억6550만원 취득</a>&nbsp;&nbsp;<font color=""#6f6f6f"">디지털투데이</font>",Google News RSS
google_news_rss,106240,"현대카드-GS칼텍스, '에너지플러스 현대카드' 출시…주유비 최저가 보장 혜택 도입 - 주간현대",https://news.google.com/rss/articles/CBMiSEFVX3lxTE9hdjRKOU5iZ1Q2ZzB0Q29oRUV4TTZsNmhTZXlkbDdzYzU1N3p3cVlyTkNYZXc3cnduLWFHd0MtaUlFSmx1OW4yUw?oc=5,2026-01-15T08:00:00+00:00,"<a href=""https://news.google.com/rss/articles/CBMiSEFVX3lxTE9hdjRKOU5iZ1Q2ZzB0Q29oRUV4TTZsNmhTZXlkbDdzYzU1N3p3cVlyTkNYZXc3cnduLWFHd0MtaUlFSmx1OW4yUw?oc=5"" target=""_blank"">현대카드-GS칼텍스, '에너지플러스 현대카드' 출시…주유비 최저가 보장 혜택 도입</a>&nbsp;&nbsp;<font color=""#6f6f6f"">주간현대</font>",Google News RSS
google_news_rss,106240,[주말산책] 이은미는 왜 '애인 있어요'를 부르지 않았을까? - 펜앤마이크,https://news.google.com/rss/articles/CBMia0FVX3lxTFB5ZEs5c2w4SC03U3AwaUsxN2FYWmY5MmdONTFlR2pldEpUOGFqTFpwMmNFZ19nSGxYWFlpVFVyVkFLeGNUcHd5ZVRoM0VsaHk4LXNMX2U2Qy0xdUYtNThnSkVicnVNcmpjUlJV0gFvQVVfeXFMUEIwUVh1dzFBT05Rdm53MXg3eEYwSmR0ajc2dkRadTcyQ19iMk45T1Q1RE5NV0NDYlFzOUpVT0tfbFVkSlRjdDduM3RtakZtcXFoOXo4dmg1SXpzLUFyWUtkdjZ0bW5FWVdZbTVWQXg0?oc=5,2025-08-17T07:00:00+00:00,"<a href=""https://news.google.com/rss/articles/CBMia0FVX3lxTFB5ZEs5c2w4SC03U3AwaUsxN2FYWmY5MmdONTFlR2pldEpUOGFqTFpwMmNFZ19nSGxYWFlpVFVyVkFLeGNUcHd5ZVRoM0VsaHk4LXNMX2U2Qy0xdUYtNThnSkVicnVNcmpjUlJV0gFvQVVfeXFMUEIwUVh1dzFBT05Rdm53MXg3eEYwSmR0ajc2dkRadTcyQ19iMk45T1Q1RE5NV0NDYlFzOUpVT0tfbFVkSlRjdDduM3RtakZtcXFoOXo4dmg1SXpzLUFyWUtkdjZ0bW5FWVdZbTVWQXg0?oc=5"" target=""_blank"">[주말산책] 이은미는 왜 '애인 있어요'를 부르지 않았을까?</a>&nbsp;&nbsp;<font color=""#6f6f6f"">펜앤마이크</font>",Google News RSS
google_news_rss,230360,대한민국 NO1 가치투자포털 - 아이투자,https://news.google.com/rss/articles/CBMiR0FVX3lxTE5xLTA4NVF2QXVReVJ5c1BQVC04bndCeUZ2TlJ0RmgySmZ1MjByZ25nTFBfTms3WmlGTjVRNEp1OV9lTEpsc09R?oc=5,2026-07-02T07:00:00+00:00,"<a href=""https://news.google.com/rss/articles/CBMiR0FVX3lxTE5xLTA4NVF2QXVReVJ5c1BQVC04bndCeUZ2TlJ0RmgySmZ1MjByZ25nTFBfTms3WmlGTjVRNEp1OV9lTEpsc09R?oc=5"" target=""_blank"">대한민국 NO1 가치투자포털</a>&nbsp;&nbsp;<font color=""#6f6f6f"">아이투자</font>",Google News RSS
google_news_rss,230360,[코스피·코스닥 전 거래일(3일) 주요공시] - 매일경제 마켓,https://news.google.com/rss/articles/CBMiUkFVX3lxTE9kZ1RCellfTXMtbXBrcVhPVHZoSzRXaENLS3JEZ3NSbGJDQVpGU3BGbE9jRGpCOXkybGVDeGdCY3JOdG1EeGdMRkdKUmFKR3d0LWc?oc=5,2026-04-06T07:00:00+00:00,"<a href=""https://news.google.com/rss/articles/CBMiUkFVX3lxTE9kZ1RCellfTXMtbXBrcVhPVHZoSzRXaENLS3JEZ3NSbGJDQVpGU3BGbE9jRGpCOXkybGVDeGdCY3JOdG1EeGdMRkdKUmFKR3d0LWc?oc=5"" target=""_blank"">[코스피·코스닥 전 거래일(3일) 주요공시]</a>&nbsp;&nbsp;<font color=""#6f6f6f"">매일경제 마켓</font>",Google News RSS
google_news_rss,230360,"베인캐피탈 ""에코마케팅 주식 포괄적 교환·장내 상시매수 추진"" - 연합뉴스",https://news.google.com/rss/articles/CBMiW0FVX3lxTE9UY3hLSkx0VDF0aFJMUE5Bd1BiMlpfSmp4N0w4THc2c3VQcHc1d1VpcmJ0LUdxeEwtejdOX2FZZnNUMmN6Y3lRM2FaV1gwRGQzd0k0dmhnWDdIMG_SAWBBVV95cUxOSmdWNkwtVnd5TzdJUGNaNmFyQXRHbXA4Y19GWDA1STQxV1NsLWhjMDJTVG9VWEFUSHE1WXhCLTd6bWxOMXRSMEtUc0tBSUVTSDdGOUdVbi1FdHlKQUdKZWQ?oc=5,2026-04-03T07:00:00+00:00,"<a href=""https://news.google.com/rss/articles/CBMiW0FVX3lxTE9UY3hLSkx0VDF0aFJMUE5Bd1BiMlpfSmp4N0w4THc2c3VQcHc1d1VpcmJ0LUdxeEwtejdOX2FZZnNUMmN6Y3lRM2FaV1gwRGQzd0k0dmhnWDdIMG_SAWBBVV95cUxOSmdWNkwtVnd5TzdJUGNaNmFyQXRHbXA4Y19GWDA1STQxV1NsLWhjMDJTVG9VWEFUSHE1WXhCLTd6bWxOMXRSMEtUc0tBSUVTSDdGOUdVbi1FdHlKQUdKZWQ?oc=5"" target=""_blank"">베인캐피탈 ""에코마케팅 주식 포괄적 교환·장내 상시매수 추진""</a>&nbsp;&nbsp;<font color=""#6f6f6f"">연합뉴스</font>",Google News RSS
google_news_rss,230360,"에코마케팅, 3차 공개매수 완료…지분율 92.4%로 상승 - 마켓인",https://news.google.com/rss/articles/CBMic0FVX3lxTE1jLXlzZ2VOYkhYZ19sX2YtN2xYXzVDeDhLLW1LdGwyN2NpdVVjOXFSSERxbDJPRy1USlRZM0lHUV8xNWZUd0RCaVlRbnI4UFpNOGhkRjhKV1FZMXRyS1BrYV9qUTlSdVNqYUpjMlFoZ1hQLTA?oc=5,2026-04-02T07:00:00+00:00,"<a href=""https://news.google.com/rss/articles/CBMic0FVX3lxTE1jLXlzZ2VOYkhYZ19sX2YtN2xYXzVDeDhLLW1LdGwyN2NpdVVjOXFSSERxbDJPRy1USlRZM0lHUV8xNWZUd0RCaVlRbnI4UFpNOGhkRjhKV1FZMXRyS1BrYV9qUTlSdVNqYUpjMlFoZ1hQLTA?oc=5"" target=""_blank"">에코마케팅, 3차 공개매수 완료…지분율 92.4%로 상승</a>&nbsp;&nbsp;<font color=""#6f6f6f"">마켓인</font>",Google News RSS
google_news_rss,230360,"베인, 에코마케팅 세번째 공개매수 돌입 [시그널] - 서울경제",https://news.google.com/rss/articles/CBMiUkFVX3lxTE5YRVlSeGFzQ0xFOUd5c09EbnR1TzdwZ1NDWThSV1lRRzhTSFM4LUV6ZTRKTThVMXBELS1BR2VJS09leDg5N3pKY1JRTS1Ib3MtVGfSAVNBVV95cUxQeDdNd09NcGR5SzhuU3lIdHkzQ2tqV1ktVG9QaG9VSXdHQlpfa0pBamdac0ZLQ0V6VDZmZVRJLV9WUFhDZmM1VFN6ME14VnBLazZpdw?oc=5,2026-03-02T08:00:00+00:00,"<a href=""https://news.google.com/rss/articles/CBMiUkFVX3lxTE5YRVlSeGFzQ0xFOUd5c09EbnR1TzdwZ1NDWThSV1lRRzhTSFM4LUV6ZTRKTThVMXBELS1BR2VJS09leDg5N3pKY1JRTS1Ib3MtVGfSAVNBVV95cUxQeDdNd09NcGR5SzhuU3lIdHkzQ2tqV1ktVG9QaG9VSXdHQlpfa0pBamdac0ZLQ0V6VDZmZVRJLV9WUFhDZmM1VFN6ME14VnBLazZpdw?oc=5"" target=""_blank"">베인, 에코마케팅 세번째 공개매수 돌입 [시그널]</a>&nbsp;&nbsp;<font color=""#6f6f6f"">서울경제</font>",Google News RSS
google_news_rss,009540,"네이버클라우드-HD한국조선해양, AI·클라우드 환경 구축 맞손 - 인포스탁데일리",https://news.google.com/rss/articles/CBMidkFVX3lxTE1tRlAwTlRxX21SUGJXODEzVEdXTHd4OVdoN1ZrT0pZNXVBTnF2eGEtNlFCT2VGQ1NuSVB4bDA1OHNnREhhcWM4VS1IV3h3M1EzRERuenppdjlyeW5fTWJQRllCMFBfUGxuWndQSlVoaUszRnNmQWc?oc=5,2026-07-20T12:08:14+00:00,"<a href=""https://news.google.com/rss/articles/CBMidkFVX3lxTE1tRlAwTlRxX21SUGJXODEzVEdXTHd4OVdoN1ZrT0pZNXVBTnF2eGEtNlFCT2VGQ1NuSVB4bDA1OHNnREhhcWM4VS1IV3h3M1EzRERuenppdjlyeW5fTWJQRllCMFBfUGxuWndQSlVoaUszRnNmQWc?oc=5"" target=""_blank"">네이버클라우드-HD한국조선해양, AI·클라우드 환경 구축 맞손</a>&nbsp;&nbsp;<font color=""#6f6f6f"">인포스탁데일리</font>",Google News RSS
google_news_rss,009540,한국조선해양(009540) - 매일경제 마켓,https://news.google.com/rss/articles/CBMilwFBVV95cUxNNEs1RTJORERwUG0xeFdQd1JmX0o0WmNUdHVBejJ0b05qaHpneUVvUTRldlUyR1REZWRfcDlUTkozOHN4anF5R0hxdjBxcFI1LUZUazNTY3hVTzJfTjBCZmpiRlVsNUpKa0FFdlBKRXVDQldMTFdRVklhZFdDQ19uZE9mSkJzUms2cXJlUEdpR0ZNOTZtRDFv?oc=5,2026-07-13T15:57:03+00:00,"<a href=""https://news.google.com/rss/articles/CBMilwFBVV95cUxNNEs1RTJORERwUG0xeFdQd1JmX0o0WmNUdHVBejJ0b05qaHpneUVvUTRldlUyR1REZWRfcDlUTkozOHN4anF5R0hxdjBxcFI1LUZUazNTY3hVTzJfTjBCZmpiRlVsNUpKa0FFdlBKRXVDQldMTFdRVklhZFdDQ19uZE9mSkJzUms2cXJlUEdpR0ZNOTZtRDFv?oc=5"" target=""_blank"">한국조선해양(009540)</a>&nbsp;&nbsp;<font color=""#6f6f6f"">매일경제 마켓</font>",Google News RSS
google_news_rss,009540,"네이버클라우드-HD현대, 조선업 특화 AX 구축 맞손 - 서울경제",https://news.google.com/rss/articles/CBMiUkFVX3lxTE5keXhIWWJfWGN6Tnoxa1A4Mk1JajhnLTI0RWJWcGVOMS1pTi1WSHVCeE5DWndCYWp4cldzZ2NNejNlNkhxYmE0LXozR1dQSHF1UUHSAVNBVV95cUxQTEMtRmFYOEgyMW8tNlZkNlBUM1BMeEZTYTh4RVFVUEJ0c05EX0c2RkhPRUpybzQwVGl4V19lQkptSUl6dl9TSUxpeDhrZHU4MzRMYw?oc=5,2026-07-20T00:41:19+00:00,"<a href=""https://news.google.com/rss/articles/CBMiUkFVX3lxTE5keXhIWWJfWGN6Tnoxa1A4Mk1JajhnLTI0RWJWcGVOMS1pTi1WSHVCeE5DWndCYWp4cldzZ2NNejNlNkhxYmE0LXozR1dQSHF1UUHSAVNBVV95cUxQTEMtRmFYOEgyMW8tNlZkNlBUM1BMeEZTYTh4RVFVUEJ0c05EX0c2RkhPRUpybzQwVGl4V19lQkptSUl6dl9TSUxpeDhrZHU4MzRMYw?oc=5"" target=""_blank"">네이버클라우드-HD현대, 조선업 특화 AX 구축 맞손</a>&nbsp;&nbsp;<font color=""#6f6f6f"">서울경제</font>",Google News RSS
google_news_rss,009540,HD한국조선해양(009540)밀릴때마다 물량 모아둘 기회로 보이며 이후 전망 및 대응전략. - ThinkPool,https://news.google.com/rss/articles/CBMiXEFVX3lxTE1OX0d4ZXdNYmMzWWo3MWp4RU1aUDM3Mm8xOTBZX0EtcGw4RFVndVRDX0k4RFh3V2hlTENUQ3hybk1GcF83YUJhaW5qMHZ5WDFDazE0Nk9VQk4yc2N6?oc=5,2026-02-22T02:15:56+00:00,"<a href=""https://news.google.com/rss/articles/CBMiXEFVX3lxTE1OX0d4ZXdNYmMzWWo3MWp4RU1aUDM3Mm8xOTBZX0EtcGw4RFVndVRDX0k4RFh3V2hlTENUQ3hybk1GcF83YUJhaW5qMHZ5WDFDazE0Nk9VQk4yc2N6?oc=5"" target=""_blank"">HD한국조선해양(009540)밀릴때마다 물량 모아둘 기회로 보이며 이후 전망 및 대응전략.</a>&nbsp;&nbsp;<font color=""#6f6f6f"">ThinkPool</font>",Google News RSS
google_news_rss,009540,"조선업계, AI시대 맞아 '바다 위 데이터센터'로 사업 확대 - 연합뉴스",https://news.google.com/rss/articles/CBMiW0FVX3lxTE5hdUpwbkNJTXRKamEtR2Zsdko3cHJlV1dqeUVHZnh2T0ZfM3J2Q2ZsQW9rRnhBMmNUZTZzSEtFbHJXeWg5cWt5aWhBczd0UjNqWVBIUTRxLW5yOGfSAWBBVV95cUxQdF85WmFwS05yRm9nb2haQllEdUwtOTltTnpnMTduZ1IxNjBMWDdrSXhMcHgtd2FPVFI1WWNFZi01OGVsbTBqUDh1bUVoTU5oOXlMaUpCVHRwWHBaOG9FVEw?oc=5,2026-07-08T07:00:00+00:00,"<a href=""https://news.google.com/rss/articles/CBMiW0FVX3lxTE5hdUpwbkNJTXRKamEtR2Zsdko3cHJlV1dqeUVHZnh2T0ZfM3J2Q2ZsQW9rRnhBMmNUZTZzSEtFbHJXeWg5cWt5aWhBczd0UjNqWVBIUTRxLW5yOGfSAWBBVV95cUxQdF85WmFwS05yRm9nb2haQllEdUwtOTltTnpnMTduZ1IxNjBMWDdrSXhMcHgtd2FPVFI1WWNFZi01OGVsbTBqUDh1bUVoTU5oOXlMaUpCVHRwWHBaOG9FVEw?oc=5"" target=""_blank"">조선업계, AI시대 맞아 '바다 위 데이터센터'로 사업 확대</a>&nbsp;&nbsp;<font color=""#6f6f6f"">연합뉴스</font>",Google News RSS
google_news_rss,036530,대한민국 NO1 가치투자포털 - 아이투자,https://news.google.com/rss/articles/CBMiR0FVX3lxTE5WbzB4SFNOYjBrZEdWYnQ0b2hNWUtOX2lhd1RpVDNMMEVuaU81XzQ1cExVUUZhb2NWREdqczQ0MUZIUHBmaDJN?oc=5,2026-07-17T07:00:00+00:00,"<a href=""https://news.google.com/rss/articles/CBMiR0FVX3lxTE5WbzB4SFNOYjBrZEdWYnQ0b2hNWUtOX2lhd1RpVDNMMEVuaU81XzQ1cExVUUZhb2NWREdqczQ0MUZIUHBmaDJN?oc=5"" target=""_blank"">대한민국 NO1 가치투자포털</a>&nbsp;&nbsp;<font color=""#6f6f6f"">아이투자</font>",Google News RSS
google_news_rss,036530,SNT홀딩스(036530)저점 때마다 물량 모아둘 기회로 보이며 이후 전망 및 대응전략. - ThinkPool,https://news.google.com/rss/articles/CBMiXEFVX3lxTFBiWHRMVGI5Rk1UUTBFOVgzUUh1WTk1UGJzNWNLRG0tQVpRZW9FaUcyOVlXS1JxcExpOHhJVFNDNEkwLXFuZXlUcldnbEt6RXBSLVdDYWJHVTc4YWF5?oc=5,2025-12-05T05:40:18+00:00,"<a href=""https://news.google.com/rss/articles/CBMiXEFVX3lxTFBiWHRMVGI5Rk1UUTBFOVgzUUh1WTk1UGJzNWNLRG0tQVpRZW9FaUcyOVlXS1JxcExpOHhJVFNDNEkwLXFuZXlUcldnbEt6RXBSLVdDYWJHVTc4YWF5?oc=5"" target=""_blank"">SNT홀딩스(036530)저점 때마다 물량 모아둘 기회로 보이며 이후 전망 및 대응전략.</a>&nbsp;&nbsp;<font color=""#6f6f6f"">ThinkPool</font>",Google News RSS
google_news_rss,036530,"SNT홀딩스, 작년 영업이익 3천7억원…전년 대비 30.1% 증가 - 연합뉴스",https://news.google.com/rss/articles/CBMiW0FVX3lxTFA5SFl0aVhOempKTmc5b1QyTmx1UGwyVXZiWnZoREpjY3VYOGRaLXZ3VHU4cl85blE5UURlZkRtX0taZUtoTmh4UnR4ZGYxTzdwM3VPWmYxYzQ3QlHSAWBBVV95cUxQci1FTFRiUm8zQncwM0VXWVlrWU8wUnhOck5DUkJncHRxYlFhbTlZdF9UQ296bjZZT1RER1N2ZU45VExUWjN6TEtBOWxMVUMtb05MdzFMMGgyNGNxOXBhRXU?oc=5,2026-01-29T08:00:00+00:00,"<a href=""https://news.google.com/rss/articles/CBMiW0FVX3lxTFA5SFl0aVhOempKTmc5b1QyTmx1UGwyVXZiWnZoREpjY3VYOGRaLXZ3VHU4cl85blE5UURlZkRtX0taZUtoTmh4UnR4ZGYxTzdwM3VPWmYxYzQ3QlHSAWBBVV95cUxQci1FTFRiUm8zQncwM0VXWVlrWU8wUnhOck5DUkJncHRxYlFhbTlZdF9UQ296bjZZT1RER1N2ZU45VExUWjN6TEtBOWxMVUMtb05MdzFMMGgyNGNxOXBhRXU?oc=5"" target=""_blank"">SNT홀딩스, 작년 영업이익 3천7억원…전년 대비 30.1% 증가</a>&nbsp;&nbsp;<font color=""#6f6f6f"">연합뉴스</font>",Google News RSS
google_news_rss,036530,"스맥, 경영권 분쟁 장기화…로봇 사업 동력 꺼지나 - ibtomato.com",https://news.google.com/rss/articles/CBMiakFVX3lxTE01ZjQzaXhNOFo4QXhSME1OWTZZNTliQl9JWUtGRDZObjM4ZVdCLUpueHBWSENfS3IwMFh6dHdCaktSOWYtc0RUQ0V4OHl3MTF5eGdrVE50VTduVTJaTExHazVxUm5rV3VFVnc?oc=5,2026-03-31T07:00:00+00:00,"<a href=""https://news.google.com/rss/articles/CBMiakFVX3lxTE01ZjQzaXhNOFo4QXhSME1OWTZZNTliQl9JWUtGRDZObjM4ZVdCLUpueHBWSENfS3IwMFh6dHdCaktSOWYtc0RUQ0V4OHl3MTF5eGdrVE50VTduVTJaTExHazVxUm5rV3VFVnc?oc=5"" target=""_blank"">스맥, 경영권 분쟁 장기화…로봇 사업 동력 꺼지나</a>&nbsp;&nbsp;<font color=""#6f6f6f"">ibtomato.com</font>",Google News RSS
google_news_rss,036530,SNT홀딩스(036530)밀릴때마다 물량 모아둘 기회로 보이며 이후 전망 및 대응전략. - ThinkPool,https://news.google.com/rss/articles/CBMiXEFVX3lxTE9ab0xDNUZhRjZrRklMWjhidDM4alBGTjB5SnQ4dUYxcDFhVkxZSFd3azFoY3NwbDM3ZjRBX1dhbTB2dmx4bEtDVWl6MEIybXptT0VyOGN4Wk9iUksx?oc=5,2025-12-11T06:59:02+00:00,"<a href=""https://news.google.com/rss/articles/CBMiXEFVX3lxTE9ab0xDNUZhRjZrRklMWjhidDM4alBGTjB5SnQ4dUYxcDFhVkxZSFd3azFoY3NwbDM3ZjRBX1dhbTB2dmx4bEtDVWl6MEIybXptT0VyOGN4Wk9iUksx?oc=5"" target=""_blank"">SNT홀딩스(036530)밀릴때마다 물량 모아둘 기회로 보이며 이후 전망 및 대응전략.</a>&nbsp;&nbsp;<font color=""#6f6f6f"">ThinkPool</font>",Google News RSS
google_news_rss,009810,플레이그램(009810) - 매일경제 마켓,https://news.google.com/rss/articles/CBMiWkFVX3lxTE54RXpVQnZHLWJBcXQ0ZUhCblBPSmZjcGpHRnZ1X0ZOVHRva25yT1k1dml5b0VkdGRKMlA3cW5jTVlmaVVwb3psVmF5Y3FUX2VyMVpJUGZicWlVQQ?oc=5,2023-02-15T07:41:31+00:00,"<a href=""https://news.google.com/rss/articles/CBMiWkFVX3lxTE54RXpVQnZHLWJBcXQ0ZUhCblBPSmZjcGpHRnZ1X0ZOVHRva25yT1k1dml5b0VkdGRKMlA3cW5jTVlmaVVwb3psVmF5Y3FUX2VyMVpJUGZicWlVQQ?oc=5"" target=""_blank"">플레이그램(009810)</a>&nbsp;&nbsp;<font color=""#6f6f6f"">매일경제 마켓</font>",Google News RSS
google_news_rss,009810,플레이그램 (009810) - ThinkPool,https://news.google.com/rss/articles/CBMiS0FVX3lxTE1Cd1A2WTN5NnlyeGMwTUgzZ0dYS3AxSkUyX2wtcVdhOExCa2MwZWV2clFlVFFTZnJxeERLcnFhenhJZlpzaURmMUtSOA?oc=5,2022-08-10T23:15:32+00:00,"<a href=""https://news.google.com/rss/articles/CBMiS0FVX3lxTE1Cd1A2WTN5NnlyeGMwTUgzZ0dYS3AxSkUyX2wtcVdhOExCa2MwZWV2clFlVFFTZnJxeERLcnFhenhJZlpzaURmMUtSOA?oc=5"" target=""_blank"">플레이그램 (009810)</a>&nbsp;&nbsp;<font color=""#6f6f6f"">ThinkPool</font>",Google News RSS
google_news_rss,009810,"플레이그램, 10억원 유상증자…에스에이치네트워크에 제3자배정 - 연합뉴스",https://news.google.com/rss/articles/CBMiW0FVX3lxTE5JbkZNYll4aGEtYjBGZ24tQS1vZkRtTGlPVFhhT05KU28zQ2FMX1BjcHUtenE0bmJ0a05RSkQ2cnBUdWM2RzNYczhYV1RXSnFuTHlIUkNRUFF0N3PSAWBBVV95cUxPWnFtQWFsSEVob0FNV2RBRUNIOUJ2dzJQbzQxVG9QN1lBMGNlakt4cklHZHRXcVRXYmhtblBidUdRcDQ5Tl9IWkk2cUV1RVNwT2R6dFJvNGU1OUpDUTVqRUQ?oc=5,2026-07-10T07:00:00+00:00,"<a href=""https://news.google.com/rss/articles/CBMiW0FVX3lxTE5JbkZNYll4aGEtYjBGZ24tQS1vZkRtTGlPVFhhT05KU28zQ2FMX1BjcHUtenE0bmJ0a05RSkQ2cnBUdWM2RzNYczhYV1RXSnFuTHlIUkNRUFF0N3PSAWBBVV95cUxPWnFtQWFsSEVob0FNV2RBRUNIOUJ2dzJQbzQxVG9QN1lBMGNlakt4cklHZHRXcVRXYmhtblBidUdRcDQ5Tl9IWkk2cUV1RVNwT2R6dFJvNGU1OUpDUTVqRUQ?oc=5"" target=""_blank"">플레이그램, 10억원 유상증자…에스에이치네트워크에 제3자배정</a>&nbsp;&nbsp;<font color=""#6f6f6f"">연합뉴스</font>",Google News RSS
google_news_rss,009810,"플레이그램, 장중 신고가 돌파.. 989→1,019(▲30) - 서울경제",https://news.google.com/rss/articles/CBMiUkFVX3lxTFB6SHd5WjJRTXRHVzNxY0VBWktHT1RqMmp3RUNzUmFobVhjQ2ZWajFkSXdpYnFqYkZZUmkzbG4yRk83X003cklyX2trM013d3pYcXc?oc=5,2024-06-11T07:00:00+00:00,"<a href=""https://news.google.com/rss/articles/CBMiUkFVX3lxTFB6SHd5WjJRTXRHVzNxY0VBWktHT1RqMmp3RUNzUmFobVhjQ2ZWajFkSXdpYnFqYkZZUmkzbG4yRk83X003cklyX2trM013d3pYcXc?oc=5"" target=""_blank"">플레이그램, 장중 신고가 돌파.. 989→1,019(▲30)</a>&nbsp;&nbsp;<font color=""#6f6f6f"">서울경제</font>",Google News RSS
google_news_rss,009810,[코스피·코스닥 전 거래일(10일) 주요공시] - 연합뉴스,https://news.google.com/rss/articles/CBMiW0FVX3lxTFB3UEtLLU9FQTFKeXNUcV9MeHJQR3BRbm41QXJVVnRwLTZOcnVBVHpGRHlzMVo4NTNoOU5DWUxvX3BrU0VzRU1lamM2YWlVbFNGQ19tazJqVzU2UG_SAWBBVV95cUxOQndqaUFvLTlMMUdWZFJpeE42ZUZIbnBhaGlnczlHUmxxM05MN1RKdlZ5cjR3dHlxbkJnSXEtNklCWjhLNXZPTzhRM3UxemRDUDN1UzMyb18xV05WM3lEWm4?oc=5,2026-07-12T21:05:01+00:00,"<a href=""https://news.google.com/rss/articles/CBMiW0FVX3lxTFB3UEtLLU9FQTFKeXNUcV9MeHJQR3BRbm41QXJVVnRwLTZOcnVBVHpGRHlzMVo4NTNoOU5DWUxvX3BrU0VzRU1lamM2YWlVbFNGQ19tazJqVzU2UG_SAWBBVV95cUxOQndqaUFvLTlMMUdWZFJpeE42ZUZIbnBhaGlnczlHUmxxM05MN1RKdlZ5cjR3dHlxbkJnSXEtNklCWjhLNXZPTzhRM3UxemRDUDN1UzMyb18xV05WM3lEWm4?oc=5"" target=""_blank"">[코스피·코스닥 전 거래일(10일) 주요공시]</a>&nbsp;&nbsp;<font color=""#6f6f6f"">연합뉴스</font>",Google News RSS
google_news_rss,008470,"부스타, 주당 1.0주 무상증자 결정 - 연합뉴스",https://news.google.com/rss/articles/CBMiW0FVX3lxTE9Db0ZGQ3lyY3doZ1Q2RzZsVThxVU1kenotSGZZckJ4cEFEbEZSWnJRMEZ2MkFyTUE4R2ZHVGJUOVVEN3lTTzBKRkFFTzBxTlVLUHNLVC1qRG0wOXfSAWBBVV95cUxNRjVMUU81SkNxa0JFM05XNkRWQUZ3YnBTN0JUdlRXcklucld1Q1BvUDgyR0kxVWd6OWo3a2U2OUV1djdhMU82SC1aTDNkbkVUQ2g5c0ZvMWNTS1AxZ2tFdGY?oc=5,2026-07-07T07:00:00+00:00,"<a href=""https://news.google.com/rss/articles/CBMiW0FVX3lxTE9Db0ZGQ3lyY3doZ1Q2RzZsVThxVU1kenotSGZZckJ4cEFEbEZSWnJRMEZ2MkFyTUE4R2ZHVGJUOVVEN3lTTzBKRkFFTzBxTlVLUHNLVC1qRG0wOXfSAWBBVV95cUxNRjVMUU81SkNxa0JFM05XNkRWQUZ3YnBTN0JUdlRXcklucld1Q1BvUDgyR0kxVWd6OWo3a2U2OUV1djdhMU82SC1aTDNkbkVUQ2g5c0ZvMWNTS1AxZ2tFdGY?oc=5"" target=""_blank"">부스타, 주당 1.0주 무상증자 결정</a>&nbsp;&nbsp;<font color=""#6f6f6f"">연합뉴스</font>",Google News RSS
google_news_rss,008470,"부스타, 보통주 840만4800주 무상증자 결정 - 디지털투데이",https://news.google.com/rss/articles/CBMic0FVX3lxTE9XRVVING4wMjMxUC1WNEJ0dDBYV1lJYkJyX2FKdmlVMkJac2dnSVJWMkY3RTNfNnJfMEs2MmZZNWw4SmFsbTdsb0E1XzhRc1dGWkUyNGFBcFM5TlJFYmhWbjdUdGxEOWZPcWQ2Wi0xRWh1X00?oc=5,2026-07-07T07:00:00+00:00,"<a href=""https://news.google.com/rss/articles/CBMic0FVX3lxTE9XRVVING4wMjMxUC1WNEJ0dDBYV1lJYkJyX2FKdmlVMkJac2dnSVJWMkY3RTNfNnJfMEs2MmZZNWw4SmFsbTdsb0E1XzhRc1dGWkUyNGFBcFM5TlJFYmhWbjdUdGxEOWZPcWQ2Wi0xRWh1X00?oc=5"" target=""_blank"">부스타, 보통주 840만4800주 무상증자 결정</a>&nbsp;&nbsp;<font color=""#6f6f6f"">디지털투데이</font>",Google News RSS
google_news_rss,008470,"김진영 상무, 부스타 주식 보유 증가 - 디지털투데이",https://news.google.com/rss/articles/CBMic0FVX3lxTE5PbXoycUlVRG5tb0cxM0c3MlRsRV9fWm5qYkI5R0dLLVJvT05VT3ZCSzlsQ0tXa0FuY3VzWUtTaExoVHE3YzFKcUVFSVluRVIwNXRGMWQ3M1BDRTlUbk52YW8tV3NaMFEtMkVxenFXakNvYTg?oc=5,2026-06-24T07:00:00+00:00,"<a href=""https://news.google.com/rss/articles/CBMic0FVX3lxTE5PbXoycUlVRG5tb0cxM0c3MlRsRV9fWm5qYkI5R0dLLVJvT05VT3ZCSzlsQ0tXa0FuY3VzWUtTaExoVHE3YzFKcUVFSVluRVIwNXRGMWQ3M1BDRTlUbk52YW8tV3NaMFEtMkVxenFXakNvYTg?oc=5"" target=""_blank"">김진영 상무, 부스타 주식 보유 증가</a>&nbsp;&nbsp;<font color=""#6f6f6f"">디지털투데이</font>",Google News RSS
google_news_rss,008470,부스타 (008470) - ThinkPool,https://news.google.com/rss/articles/CBMiS0FVX3lxTE4zVVRPUHNtNlBvS1VoUFYwa3BKeDh3eUNMU09jVUJjdDBuMmZSZTZYUUpRaVA2MmhQdnlkSDZFZzlKRGl1Rk5vRDJpRQ?oc=5,2022-08-10T11:03:55+00:00,"<a href=""https://news.google.com/rss/articles/CBMiS0FVX3lxTE4zVVRPUHNtNlBvS1VoUFYwa3BKeDh3eUNMU09jVUJjdDBuMmZSZTZYUUpRaVA2MmhQdnlkSDZFZzlKRGl1Rk5vRDJpRQ?oc=5"" target=""_blank"">부스타 (008470)</a>&nbsp;&nbsp;<font color=""#6f6f6f"">ThinkPool</font>",Google News RSS
google_news_rss,008470,부스타(008470) - 매일경제 마켓,https://news.google.com/rss/articles/CBMiWkFVX3lxTE5XR3dXcG1tdDRrMTZCM2VqcWpxOERvS1FhV2RzNTFoN1ZscEFrUzFxaXlzWi05OENJS0xxd1UyN045ZE93QU8wdExiWWl6blVjNzZGRG1VRFZkUQ?oc=5,2023-03-21T04:13:56+00:00,"<a href=""https://news.google.com/rss/articles/CBMiWkFVX3lxTE5XR3dXcG1tdDRrMTZCM2VqcWpxOERvS1FhV2RzNTFoN1ZscEFrUzFxaXlzWi05OENJS0xxd1UyN045ZE93QU8wdExiWWl6blVjNzZGRG1VRFZkUQ?oc=5"" target=""_blank"">부스타(008470)</a>&nbsp;&nbsp;<font color=""#6f6f6f"">매일경제 마켓</font>",Google News RSS
google_news_rss,900120,"씨엑스아이, 73억 규모 제3자배정 유상증자 납입 완료 - 마켓인",https://news.google.com/rss/articles/CBMic0FVX3lxTE4xWnpYd1lobVNkTUh3S3BWUERncjV3ZmVDSVk4NlhGSFBfY1NGY0JEbHJWSFZyeVFyMjVmcnh6RklCM2ZDUUotSU9oejdKLTh0SHotdjdrX2dBMHNONVk4ZWd4NTUzNGtuYkhqRUdKc3hxRzQ?oc=5,2026-06-12T07:00:00+00:00,"<a href=""https://news.google.com/rss/articles/CBMic0FVX3lxTE4xWnpYd1lobVNkTUh3S3BWUERncjV3ZmVDSVk4NlhGSFBfY1NGY0JEbHJWSFZyeVFyMjVmcnh6RklCM2ZDUUotSU9oejdKLTh0SHotdjdrX2dBMHNONVk4ZWd4NTUzNGtuYkhqRUdKc3hxRzQ?oc=5"" target=""_blank"">씨엑스아이, 73억 규모 제3자배정 유상증자 납입 완료</a>&nbsp;&nbsp;<font color=""#6f6f6f"">마켓인</font>",Google News RSS
google_news_rss,900120,"씨엑스아이, 보통주 5대 1 주식병합 결정 - 디지털투데이",https://news.google.com/rss/articles/CBMic0FVX3lxTFBLZW5fVEZNb3pWQy1xVjhTMzdhazNsRHFScWI2ZjkxT3pFbXA4TXRrdXplVmtkdGc0cUVrZm1mQ0RSWDlvdWRfLVVROGxXUndlUlRhcFA1Qno4Wjl3czMwa0NNUHotOTNXR0JpVUQ4NTdVQU0?oc=5,2026-03-23T07:00:00+00:00,"<a href=""https://news.google.com/rss/articles/CBMic0FVX3lxTFBLZW5fVEZNb3pWQy1xVjhTMzdhazNsRHFScWI2ZjkxT3pFbXA4TXRrdXplVmtkdGc0cUVrZm1mQ0RSWDlvdWRfLVVROGxXUndlUlRhcFA1Qno4Wjl3czMwa0NNUHotOTNXR0JpVUQ4NTdVQU0?oc=5"" target=""_blank"">씨엑스아이, 보통주 5대 1 주식병합 결정</a>&nbsp;&nbsp;<font color=""#6f6f6f"">디지털투데이</font>",Google News RSS
google_news_rss,900120,[인터뷰]아시아문화중심도시조성위원장 김원중 - 남도일보,https://news.google.com/rss/articles/CBMibEFVX3lxTE53M1g4NmtQQlRfWTZ1eHNYUWdYQzZqN2hIOTRoUDctWE8xX3NjX2E2VGpaa1J6ZnlYLXFodWlBNG9FLXpvTmZtOWE2MjlkWl9mUVVTSVdqVGtVcDRKMEVGRUM3Q3VDRE80bHRwU9IBcEFVX3lxTE9QSUwtdkhyZEg2dzI3WmNpdFA5b2pjdHd5dGZxc3hnUzduaVROaEw0NlBvVnQ5dXY5NEFEUk5JMlM4ZjJXMGo2ZHhYbGtDVWdNaGxTSktzRDBzOFZnUy1zSVVyVnFkbWFuNGo5RE5tS0c?oc=5,2026-02-02T08:00:00+00:00,"<a href=""https://news.google.com/rss/articles/CBMibEFVX3lxTE53M1g4NmtQQlRfWTZ1eHNYUWdYQzZqN2hIOTRoUDctWE8xX3NjX2E2VGpaa1J6ZnlYLXFodWlBNG9FLXpvTmZtOWE2MjlkWl9mUVVTSVdqVGtVcDRKMEVGRUM3Q3VDRE80bHRwU9IBcEFVX3lxTE9QSUwtdkhyZEg2dzI3WmNpdFA5b2pjdHd5dGZxc3hnUzduaVROaEw0NlBvVnQ5dXY5NEFEUk5JMlM4ZjJXMGo2ZHhYbGtDVWdNaGxTSktzRDBzOFZnUy1zSVVyVnFkbWFuNGo5RE5tS0c?oc=5"" target=""_blank"">[인터뷰]아시아문화중심도시조성위원장 김원중</a>&nbsp;&nbsp;<font color=""#6f6f6f"">남도일보</font>",Google News RSS
google_news_rss,900120,씨엑스아이 (900120) - ThinkPool,https://news.google.com/rss/articles/CBMiS0FVX3lxTE1HLVR0d1E5YURCX0VFX3Bjc2wtN1d4bk9RWkMtTUZCWEJmaUlHWU9pMTNSa3J5eWktR0lLZUZqZ3lMTHRQYlR0VnRpWQ?oc=5,2022-08-27T18:47:45+00:00,"<a href=""https://news.google.com/rss/articles/CBMiS0FVX3lxTE1HLVR0d1E5YURCX0VFX3Bjc2wtN1d4bk9RWkMtTUZCWEJmaUlHWU9pMTNSa3J5eWktR0lLZUZqZ3lMTHRQYlR0VnRpWQ?oc=5"" target=""_blank"">씨엑스아이 (900120)</a>&nbsp;&nbsp;<font color=""#6f6f6f"">ThinkPool</font>",Google News RSS
google_news_rss,900120,씨케이에이치(900120) - 매일경제 마켓,https://news.google.com/rss/articles/CBMiWkFVX3lxTE1UTzhLQWVVVWJKenF1OEpLMEJnbUNLejFzR3R2dEdyUV9aUDdpTnA4U2t1Vmdsb1lZZG13Skg1V2FGWUdqcS0yLUlkSWN3cHdEVU45Rnh6MkFNdw?oc=5,2023-03-09T00:21:50+00:00,"<a href=""https://news.google.com/rss/articles/CBMiWkFVX3lxTE1UTzhLQWVVVWJKenF1OEpLMEJnbUNLejFzR3R2dEdyUV9aUDdpTnA4U2t1Vmdsb1lZZG13Skg1V2FGWUdqcS0yLUlkSWN3cHdEVU45Rnh6MkFNdw?oc=5"" target=""_blank"">씨케이에이치(900120)</a>&nbsp;&nbsp;<font color=""#6f6f6f"">매일경제 마켓</font>",Google News RSS
google_news_rss,215380,우정바이오 (215380) - ThinkPool,https://news.google.com/rss/articles/CBMiS0FVX3lxTE84QThSSjVyNk1YRXdJeWI2QVFjb3pTajV1UWRudjludWxpWk5kN0JGYUdNZjljaGJIdDdsSU1fcnlVVTRMZlFZMEF6RQ?oc=5,2022-08-13T14:35:13+00:00,"<a href=""https://news.google.com/rss/articles/CBMiS0FVX3lxTE84QThSSjVyNk1YRXdJeWI2QVFjb3pTajV1UWRudjludWxpWk5kN0JGYUdNZjljaGJIdDdsSU1fcnlVVTRMZlFZMEF6RQ?oc=5"" target=""_blank"">우정바이오 (215380)</a>&nbsp;&nbsp;<font color=""#6f6f6f"">ThinkPool</font>",Google News RSS
google_news_rss,215380,로보인베스팅 골든크로스 돌파 종목 : 코츠테크놀로지(448710) & 우정바이오(215380) - Investing.com 한국어,https://news.google.com/rss/articles/CBMiYEFVX3lxTE5BcVVUQ2cxaHB4SXlWc0V6Z0oyVVUtSUFXbXFITXJYc3ozQlpoQVpTcHVlZThhV2oxbmpqSWZJOVZRcFF5QmU2MDNYcnNPTHF6aEJENjFJQlkxRVRLNFFvMQ?oc=5,2026-03-05T08:00:00+00:00,"<a href=""https://news.google.com/rss/articles/CBMiYEFVX3lxTE5BcVVUQ2cxaHB4SXlWc0V6Z0oyVVUtSUFXbXFITXJYc3ozQlpoQVpTcHVlZThhV2oxbmpqSWZJOVZRcFF5QmU2MDNYcnNPTHF6aEJENjFJQlkxRVRLNFFvMQ?oc=5"" target=""_blank"">로보인베스팅 골든크로스 돌파 종목 : 코츠테크놀로지(448710) & 우정바이오(215380)</a>&nbsp;&nbsp;<font color=""#6f6f6f"">Investing.com 한국어</font>",Google News RSS
google_news_rss,215380,"우정바이오, '콜마바이오텍'으로 사명 변경 - edaily.co.kr",https://news.google.com/rss/articles/CBMigAFBVV95cUxQTU5rbFhFSEljbFpISW4wdnpGYnFpT0duQ3lOb3pxai03cWh5bnJESUNOdFV3c1I4UDc5WHZVc1Rtck55MEJZbWI5S3lCWVQ5d2F1RGZodmMtSFEzN0lySk8yNUdfR0NMcmZ5b3BnUGx6dFhyN1VkUWN4ZV9EcWJPOA?oc=5,2026-07-08T07:00:00+00:00,"<a href=""https://news.google.com/rss/articles/CBMigAFBVV95cUxQTU5rbFhFSEljbFpISW4wdnpGYnFpT0duQ3lOb3pxai03cWh5bnJESUNOdFV3c1I4UDc5WHZVc1Rtck55MEJZbWI5S3lCWVQ5d2F1RGZodmMtSFEzN0lySk8yNUdfR0NMcmZ5b3BnUGx6dFhyN1VkUWN4ZV9EcWJPOA?oc=5"" target=""_blank"">우정바이오, '콜마바이오텍'으로 사명 변경</a>&nbsp;&nbsp;<font color=""#6f6f6f"">edaily.co.kr</font>",Google News RSS
google_news_rss,215380,"우정바이오, +2.64% 상승폭 확대 - 조선비즈 - Chosunbiz",https://news.google.com/rss/articles/CBMigwFBVV95cUxOQ1d6SERGNFlEX05Fc1hHYXRmdDNhaTRYQndzQ1pfSVJDM3RVTmktbUlORFRySk5BS1p2WjJaYzV1Q09vT2RPQk5UOTRPelBvUkpfWHlLLTd3c2dLeE5sUWI0WXBGR28tYnRKbzBpN3JVVDM4bjh2di1BYW1vY0Jad1FjSdIBlwFBVV95cUxQMzU3WlJHc0xvZl8xZ25EejYzLTdod3VhUDJ2TkhKSE9VSGZOQlpWQXNqOERTMkxNVU0yeXJBZGo5V3lDMmhqRk02SW1HRFdPWUk1amc0QmpXTkJLd0V6SEwxd2UxS3FnOVZabEJkQl85Sl9QN1hEenNkcEFfQmpEUXUwcUg0aFNILVk2WHlnUU1qNkdOWjQ4?oc=5,2026-03-16T07:00:00+00:00,"<a href=""https://news.google.com/rss/articles/CBMigwFBVV95cUxOQ1d6SERGNFlEX05Fc1hHYXRmdDNhaTRYQndzQ1pfSVJDM3RVTmktbUlORFRySk5BS1p2WjJaYzV1Q09vT2RPQk5UOTRPelBvUkpfWHlLLTd3c2dLeE5sUWI0WXBGR28tYnRKbzBpN3JVVDM4bjh2di1BYW1vY0Jad1FjSdIBlwFBVV95cUxQMzU3WlJHc0xvZl8xZ25EejYzLTdod3VhUDJ2TkhKSE9VSGZOQlpWQXNqOERTMkxNVU0yeXJBZGo5V3lDMmhqRk02SW1HRFdPWUk1amc0QmpXTkJLd0V6SEwxd2UxS3FnOVZabEJkQl85Sl9QN1hEenNkcEFfQmpEUXUwcUg0aFNILVk2WHlnUU1qNkdOWjQ4?oc=5"" target=""_blank"">우정바이오, +2.64% 상승폭 확대 - 조선비즈</a>&nbsp;&nbsp;<font color=""#6f6f6f"">Chosunbiz</font>",Google News RSS
google_news_rss,215380,"우정바이오, 콜마바이오텍으로 상호 변경 - 디지털투데이",https://news.google.com/rss/articles/CBMic0FVX3lxTFBjejF6VlhaUG5ZTGJfS3V2OGpmeTVpSlZSOUhyZzhuN3hFaDctR0k5bC1uMHRPVXNaZ21hRmt0X1dZTEJwd3VWa3JDSW1YckRMY1IwMHZFcDJhVG9SRU9RYWVpRHlBMVJJOUNvaU9NdGlubjQ?oc=5,2026-07-08T07:00:00+00:00,"<a href=""https://news.google.com/rss/articles/CBMic0FVX3lxTFBjejF6VlhaUG5ZTGJfS3V2OGpmeTVpSlZSOUhyZzhuN3hFaDctR0k5bC1uMHRPVXNaZ21hRmt0X1dZTEJwd3VWa3JDSW1YckRMY1IwMHZFcDJhVG9SRU9RYWVpRHlBMVJJOUNvaU9NdGlubjQ?oc=5"" target=""_blank"">우정바이오, 콜마바이오텍으로 상호 변경</a>&nbsp;&nbsp;<font color=""#6f6f6f"">디지털투데이</font>",Google News RSS
google_news_rss,322780,"코퍼스코리아, 75억원 유증…아티스트스튜디오 등에 3자 배정 - 매일경제 마켓",https://news.google.com/rss/articles/CBMiUkFVX3lxTE1ROE15bDBRRW9IUnptS0o4VmJRdjVsNDlFNmdLTWd3ZE5UczFyX1cwUkh0Y0ZiY0NNQmZzSUotbjFUbWlfbWVURF95eElzN19teUE?oc=5,2026-06-29T07:00:00+00:00,"<a href=""https://news.google.com/rss/articles/CBMiUkFVX3lxTE1ROE15bDBRRW9IUnptS0o4VmJRdjVsNDlFNmdLTWd3ZE5UczFyX1cwUkh0Y0ZiY0NNQmZzSUotbjFUbWlfbWVURF95eElzN19teUE?oc=5"" target=""_blank"">코퍼스코리아, 75억원 유증…아티스트스튜디오 등에 3자 배정</a>&nbsp;&nbsp;<font color=""#6f6f6f"">매일경제 마켓</font>",Google News RSS
google_news_rss,322780,"코퍼스코리아, 75억 규모 유상증자 결정 - 마켓인",https://news.google.com/rss/articles/CBMic0FVX3lxTE5MTmNWbG9Hd2EyU2xndGthRnNZSWhGbjBNeUR4bHlYcVVfemI0Q1hfX252eFdTV1NYZXQ4a3VJanA5Tnc2VGFzUVo1WWRIcnlTTndxUDREMU9BRndGNHlibjd3NlRtYWNvaVRtWW1XRU1nRjg?oc=5,2026-06-29T07:00:00+00:00,"<a href=""https://news.google.com/rss/articles/CBMic0FVX3lxTE5MTmNWbG9Hd2EyU2xndGthRnNZSWhGbjBNeUR4bHlYcVVfemI0Q1hfX252eFdTV1NYZXQ4a3VJanA5Tnc2VGFzUVo1WWRIcnlTTndxUDREMU9BRndGNHlibjd3NlRtYWNvaVRtWW1XRU1nRjg?oc=5"" target=""_blank"">코퍼스코리아, 75억 규모 유상증자 결정</a>&nbsp;&nbsp;<font color=""#6f6f6f"">마켓인</font>",Google News RSS
google_news_rss,322780,"오전 11:30 현재 코스닥은 43:57으로 매수우위, 매수강세 업종은 출판·매체복제업(0.20%↓) - 서울경제",https://news.google.com/rss/articles/CBMiUkFVX3lxTE94dVpKYXJ5alFSMENBXzRWTWI0d2dNTkc0b21PYlB2TndDcjZDemJJSXRNRFhLWS1JcWFsczJBQzJ0SzNkWU1BSS1HbDlfcUxwRFHSAVNBVV95cUxOS1Vheko0dHJaNDNacnk2QmV2R0xwNnJucnFPRWJwNEJGV1lHQmQ2UnZ4T1Z6TndoWFFlSDFZVkJLVVdMQ3dqMWlqNi1PbWlPaHMwdw?oc=5,2026-07-13T02:31:15+00:00,"<a href=""https://news.google.com/rss/articles/CBMiUkFVX3lxTE94dVpKYXJ5alFSMENBXzRWTWI0d2dNTkc0b21PYlB2TndDcjZDemJJSXRNRFhLWS1JcWFsczJBQzJ0SzNkWU1BSS1HbDlfcUxwRFHSAVNBVV95cUxOS1Vheko0dHJaNDNacnk2QmV2R0xwNnJucnFPRWJwNEJGV1lHQmQ2UnZ4T1Z6TndoWFFlSDFZVkJLVVdMQ3dqMWlqNi1PbWlPaHMwdw?oc=5"" target=""_blank"">오전 11:30 현재 코스닥은 43:57으로 매수우위, 매수강세 업종은 출판·매체복제업(0.20%↓)</a>&nbsp;&nbsp;<font color=""#6f6f6f"">서울경제</font>",Google News RSS
google_news_rss,322780,[표]7월 10일 시간외 상승 종목 및 최근 동향 - ThinkPool,https://news.google.com/rss/articles/CBMiZEFVX3lxTE1hTnZ5cTFuSF83MmRwUVBfMVRXak5kTHNTcC1nWm9jRjRaZlNPU25SUDhsUmJhSTd2ZjVBT0tnSllpYUVVUjdkWXowdy1tV1VsbW9rcTJseTVoSWx6UUIwMzg3ZEg?oc=5,2026-07-10T07:00:00+00:00,"<a href=""https://news.google.com/rss/articles/CBMiZEFVX3lxTE1hTnZ5cTFuSF83MmRwUVBfMVRXak5kTHNTcC1nWm9jRjRaZlNPU25SUDhsUmJhSTd2ZjVBT0tnSllpYUVVUjdkWXowdy1tV1VsbW9rcTJseTVoSWx6UUIwMzg3ZEg?oc=5"" target=""_blank"">[표]7월 10일 시간외 상승 종목 및 최근 동향</a>&nbsp;&nbsp;<font color=""#6f6f6f"">ThinkPool</font>",Google News RSS
google_news_rss,322780,"[52주 최저가] 삼성스팩13호, 전일비 -29.06% ↓... 현재가 2465원 - 버핏연구소",https://news.google.com/rss/articles/CBMiXEFVX3lxTE9UdV96QXVRSk5KNVdWczA5UFF6eGlXTEdWVFcxUmE4UDVDSTJJdldEYldwYjVJOGF2MGt6a3JkY3Y5OXhkdWYweGl0QnZJX25velVDamF4SGtXbDNw?oc=5,2026-02-05T08:00:00+00:00,"<a href=""https://news.google.com/rss/articles/CBMiXEFVX3lxTE9UdV96QXVRSk5KNVdWczA5UFF6eGlXTEdWVFcxUmE4UDVDSTJJdldEYldwYjVJOGF2MGt6a3JkY3Y5OXhkdWYweGl0QnZJX25velVDamF4SGtXbDNw?oc=5"" target=""_blank"">[52주 최저가] 삼성스팩13호, 전일비 -29.06% ↓... 현재가 2465원</a>&nbsp;&nbsp;<font color=""#6f6f6f"">버핏연구소</font>",Google News RSS
